row,status,provenance,verification_outcome,problem,config_id,run_id,schema,certificate_path,certificate_source,certificate_exists,certificate_hash,stored_certificate_hash,computed_certificate_hash,hash_ok,metric_score,metric_certificate_score,certificate_score,score_difference,score_agreement,exact_verify_run,exact_verify_ok,prior_exact_verify_ok,prior_audit_match,prior_audit_row,verification_method,source_run_group,error
0,passed,retained_24h_20260709,passed_prior_exact_audit_match,guillotine,guillotine/rect_direct_disjoint/packing_resize/depth_limited_dp,guillotine/rect_direct_disjoint/packing_resize/depth_limited_dp/budget86400/git20750a588a5b,guillotine_certificate_v1,/home/sg9396/patternboost/multi-level-20750a588a5b/runs/main_81_24h_20260709_1623/main_results/main/guillotine/rect_direct_disjoint/packing_resize/depth_limited_dp/certificates/best_iter000830_95b666a6f2ce.json,docs/assets/main_81_24h_20260709_1623/postprocess/audit.csv#row=0,True,95b666a6f2ce7123dcbd8d81a90bc8a3cc1c8b1c477bd98e624be8783f6a8ab5,95b666a6f2ce7123dcbd8d81a90bc8a3cc1c8b1c477bd98e624be8783f6a8ab5,,True,0.2727272727272727,0.2727272727272727,0.2727272727272727,0.0,True,False,,True,True,0,matched_passed_old_audit_entry,old_81_matrix,
1,passed,retained_24h_20260709,passed_prior_exact_audit_match,guillotine,guillotine/rect_direct_disjoint/packing_resize/first_cut_obstruction,guillotine/rect_direct_disjoint/packing_resize/first_cut_obstruction/budget86400/git20750a588a5b,guillotine_certificate_v1,/home/sg9396/patternboost/multi-level-20750a588a5b/runs/main_81_24h_20260709_1623/main_results/main/guillotine/rect_direct_disjoint/packing_resize/first_cut_obstruction/certificates/best_iter006535_e3a079bb3ea1.json,docs/assets/main_81_24h_20260709_1623/postprocess/audit.csv#row=1,True,e3a079bb3ea1444f27b2dd5eb2854f90d76f124a736f99953384ad4c35a563d5,e3a079bb3ea1444f27b2dd5eb2854f90d76f124a736f99953384ad4c35a563d5,,True,0.25,0.25,0.25,0.0,True,False,,True,True,1,matched_passed_old_audit_entry,old_81_matrix,
2,passed,retained_24h_20260709,passed_prior_exact_audit_match,guillotine,guillotine/rect_direct_disjoint/packing_resize/k_subset_nonseparability,guillotine/rect_direct_disjoint/packing_resize/k_subset_nonseparability/budget86400/git20750a588a5b,guillotine_certificate_v1,/home/sg9396/patternboost/multi-level-20750a588a5b/runs/main_81_24h_20260709_1623/main_results/main/guillotine/rect_direct_disjoint/packing_resize/k_subset_nonseparability/certificates/best_iter000715_6609d52925e3.json,docs/assets/main_81_24h_20260709_1623/postprocess/audit.csv#row=2,True,6609d52925e3d3481b82b3f9c0f47d93ee8ff91909e304942796d8c18e303e11,6609d52925e3d3481b82b3f9c0f47d93ee8ff91909e304942796d8c18e303e11,,True,0.23529411764705882,0.23529411764705882,0.23529411764705882,0.0,True,False,,True,True,2,matched_passed_old_audit_entry,old_81_matrix,
3,passed,retained_24h_20260709,passed_prior_exact_audit_match,guillotine,guillotine/rect_direct_disjoint/witness_breaking/depth_limited_dp,guillotine/rect_direct_disjoint/witness_breaking/depth_limited_dp/budget86400/git20750a588a5b,guillotine_certificate_v1,/home/sg9396/patternboost/multi-level-20750a588a5b/runs/main_81_24h_20260709_1623/main_results/main/guillotine/rect_direct_disjoint/witness_breaking/depth_limited_dp/certificates/best_iter002030_2ad1a505e6f3.json,docs/assets/main_81_24h_20260709_1623/postprocess/audit.csv#row=6,True,2ad1a505e6f3ae3a2c5a3ac2e9ee7ed56ecbe2ce23fce5b8edc352ba5815febd,2ad1a505e6f3ae3a2c5a3ac2e9ee7ed56ecbe2ce23fce5b8edc352ba5815febd,,True,0.3333333333333333,0.3333333333333333,0.3333333333333333,0.0,True,False,,True,True,6,matched_passed_old_audit_entry,old_81_matrix,
4,passed,retained_24h_20260709,passed_prior_exact_audit_match,guillotine,guillotine/rect_direct_disjoint/witness_breaking/first_cut_obstruction,guillotine/rect_direct_disjoint/witness_breaking/first_cut_obstruction/budget86400/git20750a588a5b,guillotine_certificate_v1,/home/sg9396/patternboost/multi-level-20750a588a5b/runs/main_81_24h_20260709_1623/main_results/main/guillotine/rect_direct_disjoint/witness_breaking/first_cut_obstruction/certificates/best_iter001775_cfd58d91ab3a.json,docs/assets/main_81_24h_20260709_1623/postprocess/audit.csv#row=7,True,cfd58d91ab3aa0d839537a8c1d2b3c388a62f80c6353acb3f3d850b4842b98de,cfd58d91ab3aa0d839537a8c1d2b3c388a62f80c6353acb3f3d850b4842b98de,,True,0.2727272727272727,0.2727272727272727,0.2727272727272727,0.0,True,False,,True,True,7,matched_passed_old_audit_entry,old_81_matrix,
5,passed,retained_24h_20260709,passed_prior_exact_audit_match,guillotine,guillotine/rect_direct_disjoint/witness_breaking/k_subset_nonseparability,guillotine/rect_direct_disjoint/witness_breaking/k_subset_nonseparability/budget86400/git20750a588a5b,guillotine_certificate_v1,/home/sg9396/patternboost/multi-level-20750a588a5b/runs/main_81_24h_20260709_1623/main_results/main/guillotine/rect_direct_disjoint/witness_breaking/k_subset_nonseparability/certificates/best_iter000155_a675828db84c.json,docs/assets/main_81_24h_20260709_1623/postprocess/audit.csv#row=8,True,a675828db84c01c4e4b25df20b2baa1f9371b8bed8e0b9d61a5f6232c75887c5,a675828db84c01c4e4b25df20b2baa1f9371b8bed8e0b9d61a5f6232c75887c5,,True,0.25,0.25,0.25,0.0,True,False,,True,True,8,matched_passed_old_audit_entry,old_81_matrix,
6,passed,retained_24h_20260709,passed_prior_exact_audit_match,guillotine,guillotine/recursive_obstruction_grammar/packing_resize/depth_limited_dp,guillotine/recursive_obstruction_grammar/packing_resize/depth_limited_dp/budget86400/git20750a588a5b,guillotine_certificate_v1,/home/sg9396/patternboost/multi-level-20750a588a5b/runs/main_81_24h_20260709_1623/main_results/main/guillotine/recursive_obstruction_grammar/packing_resize/depth_limited_dp/certificates/best_iter000000_7533307ab638.json,docs/assets/main_81_24h_20260709_1623/postprocess/audit.csv#row=9,True,7533307ab63878b3b86437eb2261ef4eed4e961b2530b98ff153f6d6d9dd201a,7533307ab63878b3b86437eb2261ef4eed4e961b2530b98ff153f6d6d9dd201a,,True,0.25,0.25,0.25,0.0,True,False,,True,True,9,matched_passed_old_audit_entry,old_81_matrix,
7,passed,retained_24h_20260709,passed_prior_exact_audit_match,guillotine,guillotine/recursive_obstruction_grammar/packing_resize/first_cut_obstruction,guillotine/recursive_obstruction_grammar/packing_resize/first_cut_obstruction/budget86400/git20750a588a5b,guillotine_certificate_v1,/home/sg9396/patternboost/multi-level-20750a588a5b/runs/main_81_24h_20260709_1623/main_results/main/guillotine/recursive_obstruction_grammar/packing_resize/first_cut_obstruction/certificates/best_iter000000_5868ee92d1ac.json,docs/assets/main_81_24h_20260709_1623/postprocess/audit.csv#row=10,True,5868ee92d1ac2a86ca089e4d4c3e30dd0e89069dd9dfde64e9e1fd6a09dcbe77,5868ee92d1ac2a86ca089e4d4c3e30dd0e89069dd9dfde64e9e1fd6a09dcbe77,,True,0.25,0.25,0.25,0.0,True,False,,True,True,10,matched_passed_old_audit_entry,old_81_matrix,
8,passed,retained_24h_20260709,passed_prior_exact_audit_match,guillotine,guillotine/recursive_obstruction_grammar/packing_resize/k_subset_nonseparability,guillotine/recursive_obstruction_grammar/packing_resize/k_subset_nonseparability/budget86400/git20750a588a5b,guillotine_certificate_v1,/home/sg9396/patternboost/multi-level-20750a588a5b/runs/main_81_24h_20260709_1623/main_results/main/guillotine/recursive_obstruction_grammar/packing_resize/k_subset_nonseparability/certificates/best_iter000000_852c555d4128.json,docs/assets/main_81_24h_20260709_1623/postprocess/audit.csv#row=11,True,852c555d41280cd5edc149172aad6c51cbe23a07fa4cbd8d02d53fcf13cf2f09,852c555d41280cd5edc149172aad6c51cbe23a07fa4cbd8d02d53fcf13cf2f09,,True,0.25,0.25,0.25,0.0,True,False,,True,True,11,matched_passed_old_audit_entry,old_81_matrix,
9,passed,retained_24h_20260709,passed_prior_exact_audit_match,guillotine,guillotine/recursive_obstruction_grammar/witness_breaking/depth_limited_dp,guillotine/recursive_obstruction_grammar/witness_breaking/depth_limited_dp/budget86400/git20750a588a5b,guillotine_certificate_v1,/home/sg9396/patternboost/multi-level-20750a588a5b/runs/main_81_24h_20260709_1623/main_results/main/guillotine/recursive_obstruction_grammar/witness_breaking/depth_limited_dp/certificates/best_iter001580_4e6051777469.json,docs/assets/main_81_24h_20260709_1623/postprocess/audit.csv#row=15,True,4e60517774699e7bd6b7969b531c8f54c087da30d3372f273a0a7036f47d4e99,4e60517774699e7bd6b7969b531c8f54c087da30d3372f273a0a7036f47d4e99,,True,0.26666666666666666,0.26666666666666666,0.26666666666666666,0.0,True,False,,True,True,15,matched_passed_old_audit_entry,old_81_matrix,
10,passed,retained_24h_20260709,passed_prior_exact_audit_match,guillotine,guillotine/recursive_obstruction_grammar/witness_breaking/first_cut_obstruction,guillotine/recursive_obstruction_grammar/witness_breaking/first_cut_obstruction/budget86400/git20750a588a5b,guillotine_certificate_v1,/home/sg9396/patternboost/multi-level-20750a588a5b/runs/main_81_24h_20260709_1623/main_results/main/guillotine/recursive_obstruction_grammar/witness_breaking/first_cut_obstruction/certificates/best_iter001105_53f6d314a262.json,docs/assets/main_81_24h_20260709_1623/postprocess/audit.csv#row=16,True,53f6d314a2624cdd3647cfaacec76ac9e015983f2f3103550d607f219ce18808,53f6d314a2624cdd3647cfaacec76ac9e015983f2f3103550d607f219ce18808,,True,0.2727272727272727,0.2727272727272727,0.2727272727272727,0.0,True,False,,True,True,16,matched_passed_old_audit_entry,old_81_matrix,
11,passed,retained_24h_20260709,passed_prior_exact_audit_match,guillotine,guillotine/recursive_obstruction_grammar/witness_breaking/k_subset_nonseparability,guillotine/recursive_obstruction_grammar/witness_breaking/k_subset_nonseparability/budget86400/git20750a588a5b,guillotine_certificate_v1,/home/sg9396/patternboost/multi-level-20750a588a5b/runs/main_81_24h_20260709_1623/main_results/main/guillotine/recursive_obstruction_grammar/witness_breaking/k_subset_nonseparability/certificates/best_iter001195_1c061f6596c3.json,docs/assets/main_81_24h_20260709_1623/postprocess/audit.csv#row=17,True,1c061f6596c3520a669c4fd699511e9ca8bd1b27f2f42afd365a548c4a674a65,1c061f6596c3520a669c4fd699511e9ca8bd1b27f2f42afd365a548c4a674a65,,True,0.2608695652173913,0.2608695652173913,0.2608695652173913,0.0,True,False,,True,True,17,matched_passed_old_audit_entry,old_81_matrix,
12,passed,retained_24h_20260709,passed_prior_exact_audit_match,misr,misr/quadratic_program_rectangles/program_coeff_pivot/exact_lp_gap_pressure,misr/quadratic_program_rectangles/program_coeff_pivot/exact_lp_gap_pressure/budget86400/git20750a588a5b,misr_certificate_v1,/home/sg9396/patternboost/multi-level-20750a588a5b/runs/main_81_24h_20260709_1623/main_results/main/misr/quadratic_program_rectangles/program_coeff_pivot/exact_lp_gap_pressure/certificates/best_iter000180_1f11d6277373.json,docs/assets/main_81_24h_20260709_1623/postprocess/audit.csv#row=39,True,1f11d6277373b79a88c2141fa5941c66efcfe31010f39dc8467179cadb2d5d62,1f11d6277373b79a88c2141fa5941c66efcfe31010f39dc8467179cadb2d5d62,,True,1.3333333333333333,1.3333333333333333,1.3333333333333333,0.0,True,False,,True,True,39,matched_passed_old_audit_entry,old_81_matrix,
13,passed,retained_24h_20260709,passed_prior_exact_audit_match,misr,misr/quadratic_program_rectangles/program_coeff_pivot/graph_conflict_proxy,misr/quadratic_program_rectangles/program_coeff_pivot/graph_conflict_proxy/budget86400/git20750a588a5b,misr_certificate_v1,/home/sg9396/patternboost/multi-level-20750a588a5b/runs/main_81_24h_20260709_1623/main_results/main/misr/quadratic_program_rectangles/program_coeff_pivot/graph_conflict_proxy/certificates/best_iter000455_f165e177826f.json,docs/assets/main_81_24h_20260709_1623/postprocess/audit.csv#row=40,True,f165e177826f7443686a02ef1e03c94adde765a08323331019b83d7c346f20ab,f165e177826f7443686a02ef1e03c94adde765a08323331019b83d7c346f20ab,,True,1.3333333333333333,1.3333333333333333,1.3333333333333333,0.0,True,False,,True,True,40,matched_passed_old_audit_entry,old_81_matrix,
14,passed,retained_24h_20260709,passed_prior_exact_audit_match,misr,misr/quadratic_program_rectangles/program_coeff_pivot/triangle_free_exact_gap_pressure,misr/quadratic_program_rectangles/program_coeff_pivot/triangle_free_exact_gap_pressure/budget86400/git20750a588a5b,misr_certificate_v1,/home/sg9396/patternboost/multi-level-20750a588a5b/runs/main_81_24h_20260709_1623/main_results/main/misr/quadratic_program_rectangles/program_coeff_pivot/triangle_free_exact_gap_pressure/certificates/best_iter002580_73ed607be397.json,docs/assets/main_81_24h_20260709_1623/postprocess/audit.csv#row=41,True,73ed607be397c24b9f8dbc6485bd05023714078a8e0b812908694bd74ea83ea3,73ed607be397c24b9f8dbc6485bd05023714078a8e0b812908694bd74ea83ea3,,True,1.3333333333333333,1.3333333333333333,1.3333333333333333,0.0,True,False,,True,True,41,matched_passed_old_audit_entry,old_81_matrix,
15,passed,retained_24h_20260709,passed_prior_exact_audit_match,misr,misr/quadratic_program_rectangles/sequence_pair_pivot/exact_lp_gap_pressure,misr/quadratic_program_rectangles/sequence_pair_pivot/exact_lp_gap_pressure/budget86400/git20750a588a5b,misr_certificate_v1,/home/sg9396/patternboost/multi-level-20750a588a5b/runs/main_81_24h_20260709_1623/main_results/main/misr/quadratic_program_rectangles/sequence_pair_pivot/exact_lp_gap_pressure/certificates/best_iter001195_cd0a25d78d0a.json,docs/assets/main_81_24h_20260709_1623/postprocess/audit.csv#row=42,True,cd0a25d78d0a35061406623fc1ed1c62f433583d480301077c6de9ce99bff98c,cd0a25d78d0a35061406623fc1ed1c62f433583d480301077c6de9ce99bff98c,,True,1.3333333333333333,1.3333333333333333,1.3333333333333333,0.0,True,False,,True,True,42,matched_passed_old_audit_entry,old_81_matrix,
16,passed,retained_24h_20260709,passed_prior_exact_audit_match,misr,misr/quadratic_program_rectangles/sequence_pair_pivot/graph_conflict_proxy,misr/quadratic_program_rectangles/sequence_pair_pivot/graph_conflict_proxy/budget86400/git20750a588a5b,misr_certificate_v1,/home/sg9396/patternboost/multi-level-20750a588a5b/runs/main_81_24h_20260709_1623/main_results/main/misr/quadratic_program_rectangles/sequence_pair_pivot/graph_conflict_proxy/certificates/best_iter003490_96efc691b0cd.json,docs/assets/main_81_24h_20260709_1623/postprocess/audit.csv#row=43,True,96efc691b0cdfe69fe6d4d8893b3a00addc6e8b3d07ffa90047d5430140dcba1,96efc691b0cdfe69fe6d4d8893b3a00addc6e8b3d07ffa90047d5430140dcba1,,True,1.3333333333333333,1.3333333333333333,1.3333333333333333,0.0,True,False,,True,True,43,matched_passed_old_audit_entry,old_81_matrix,
17,passed,retained_24h_20260709,passed_prior_exact_audit_match,misr,misr/quadratic_program_rectangles/sequence_pair_pivot/triangle_free_exact_gap_pressure,misr/quadratic_program_rectangles/sequence_pair_pivot/triangle_free_exact_gap_pressure/budget86400/git20750a588a5b,misr_certificate_v1,/home/sg9396/patternboost/multi-level-20750a588a5b/runs/main_81_24h_20260709_1623/main_results/main/misr/quadratic_program_rectangles/sequence_pair_pivot/triangle_free_exact_gap_pressure/certificates/best_iter000790_a5c7fc011ab5.json,docs/assets/main_81_24h_20260709_1623/postprocess/audit.csv#row=44,True,a5c7fc011ab5b7effde8108f45877239375d5dab1040e028809cbf91f567808c,a5c7fc011ab5b7effde8108f45877239375d5dab1040e028809cbf91f567808c,,True,1.3333333333333333,1.3333333333333333,1.3333333333333333,0.0,True,False,,True,True,44,matched_passed_old_audit_entry,old_81_matrix,
18,passed,retained_24h_20260709,passed_prior_exact_audit_match,misr,misr/triangle_free_rect/program_coeff_pivot/exact_lp_gap_pressure,misr/triangle_free_rect/program_coeff_pivot/exact_lp_gap_pressure/budget86400/git20750a588a5b,misr_certificate_v1,/home/sg9396/patternboost/multi-level-20750a588a5b/runs/main_81_24h_20260709_1623/main_results/main/misr/triangle_free_rect/program_coeff_pivot/exact_lp_gap_pressure/certificates/best_iter011165_85fa3b539739.json,docs/assets/main_81_24h_20260709_1623/postprocess/audit.csv#row=48,True,85fa3b53973925ceba748d302a586a8020f6b39886eac312dfe6a2fb7f1622fd,85fa3b53973925ceba748d302a586a8020f6b39886eac312dfe6a2fb7f1622fd,,True,1.4,1.4,1.4,0.0,True,False,,True,True,48,matched_passed_old_audit_entry,old_81_matrix,
19,passed,retained_24h_20260709,passed_prior_exact_audit_match,misr,misr/triangle_free_rect/program_coeff_pivot/graph_conflict_proxy,misr/triangle_free_rect/program_coeff_pivot/graph_conflict_proxy/budget86400/git20750a588a5b,misr_certificate_v1,/home/sg9396/patternboost/multi-level-20750a588a5b/runs/main_81_24h_20260709_1623/main_results/main/misr/triangle_free_rect/program_coeff_pivot/graph_conflict_proxy/certificates/best_iter000120_be6219966e47.json,docs/assets/main_81_24h_20260709_1623/postprocess/audit.csv#row=49,True,be6219966e477dac5e9b0c977f0a727c9f0cad2ea1e8fce795e97b252d4544a3,be6219966e477dac5e9b0c977f0a727c9f0cad2ea1e8fce795e97b252d4544a3,,True,1.3333333333333333,1.3333333333333333,1.3333333333333333,0.0,True,False,,True,True,49,matched_passed_old_audit_entry,old_81_matrix,
20,passed,retained_24h_20260709,passed_prior_exact_audit_match,misr,misr/triangle_free_rect/program_coeff_pivot/triangle_free_exact_gap_pressure,misr/triangle_free_rect/program_coeff_pivot/triangle_free_exact_gap_pressure/budget86400/git20750a588a5b,misr_certificate_v1,/home/sg9396/patternboost/multi-level-20750a588a5b/runs/main_81_24h_20260709_1623/main_results/main/misr/triangle_free_rect/program_coeff_pivot/triangle_free_exact_gap_pressure/certificates/best_iter000365_810c33274db2.json,docs/assets/main_81_24h_20260709_1623/postprocess/audit.csv#row=50,True,810c33274db2a730040a5b32b326ba231a5acdac957584f6089b04486c0c33aa,810c33274db2a730040a5b32b326ba231a5acdac957584f6089b04486c0c33aa,,True,1.375,1.375,1.375,0.0,True,False,,True,True,50,matched_passed_old_audit_entry,old_81_matrix,
21,passed,retained_24h_20260709,passed_prior_exact_audit_match,misr,misr/triangle_free_rect/sequence_pair_pivot/exact_lp_gap_pressure,misr/triangle_free_rect/sequence_pair_pivot/exact_lp_gap_pressure/budget86400/git20750a588a5b,misr_certificate_v1,/home/sg9396/patternboost/multi-level-20750a588a5b/runs/main_81_24h_20260709_1623/main_results/main/misr/triangle_free_rect/sequence_pair_pivot/exact_lp_gap_pressure/certificates/best_iter004345_c49fd89391eb.json,docs/assets/main_81_24h_20260709_1623/postprocess/audit.csv#row=51,True,c49fd89391eb8f2ffcd4bf0b642cc06950b90c6321623689906117ed255eb8e4,c49fd89391eb8f2ffcd4bf0b642cc06950b90c6321623689906117ed255eb8e4,,True,1.5,1.5,1.5,0.0,True,False,,True,True,51,matched_passed_old_audit_entry,old_81_matrix,
22,passed,retained_24h_20260709,passed_prior_exact_audit_match,misr,misr/triangle_free_rect/sequence_pair_pivot/graph_conflict_proxy,misr/triangle_free_rect/sequence_pair_pivot/graph_conflict_proxy/budget86400/git20750a588a5b,misr_certificate_v1,/home/sg9396/patternboost/multi-level-20750a588a5b/runs/main_81_24h_20260709_1623/main_results/main/misr/triangle_free_rect/sequence_pair_pivot/graph_conflict_proxy/certificates/best_iter000160_136daf798f8a.json,docs/assets/main_81_24h_20260709_1623/postprocess/audit.csv#row=52,True,136daf798f8a7f59c9d2c0351a5b8bd292d414de8c0e9d60de182908980dde73,136daf798f8a7f59c9d2c0351a5b8bd292d414de8c0e9d60de182908980dde73,,True,1.125,1.125,1.125,0.0,True,False,,True,True,52,matched_passed_old_audit_entry,old_81_matrix,
23,passed,retained_24h_20260709,passed_prior_exact_audit_match,misr,misr/triangle_free_rect/sequence_pair_pivot/triangle_free_exact_gap_pressure,misr/triangle_free_rect/sequence_pair_pivot/triangle_free_exact_gap_pressure/budget86400/git20750a588a5b,misr_certificate_v1,/home/sg9396/patternboost/multi-level-20750a588a5b/runs/main_81_24h_20260709_1623/main_results/main/misr/triangle_free_rect/sequence_pair_pivot/triangle_free_exact_gap_pressure/certificates/best_iter000540_1517e6a389b6.json,docs/assets/main_81_24h_20260709_1623/postprocess/audit.csv#row=53,True,1517e6a389b653a5083b033b8c91512c8fa783b2401b80850a92803641d2975a,1517e6a389b653a5083b033b8c91512c8fa783b2401b80850a92803641d2975a,,True,1.375,1.375,1.375,0.0,True,False,,True,True,53,matched_passed_old_audit_entry,old_81_matrix,
24,passed,retained_24h_20260709,passed_prior_exact_audit_match,unit_square,unit_square/line_square_incidence/coord_mutation/exact_stab_gap_pressure,unit_square/line_square_incidence/coord_mutation/exact_stab_gap_pressure/budget86400/git20750a588a5b,unit_square_stab_certificate_v1,/home/sg9396/patternboost/multi-level-20750a588a5b/runs/main_81_24h_20260709_1623/main_results/main/unit_square/line_square_incidence/coord_mutation/exact_stab_gap_pressure/certificates/best_iter009255_7d848befe7ef.json,docs/assets/main_81_24h_20260709_1623/postprocess/audit.csv#row=54,True,7d848befe7ef9b89a2df41e94c71898c5e7dfe1f49967030cc92f80fb3f11caa,7d848befe7ef9b89a2df41e94c71898c5e7dfe1f49967030cc92f80fb3f11caa,,True,1.5000000000000004,1.5000000000000004,1.5000000000000004,0.0,True,False,,True,True,54,matched_passed_old_audit_entry,old_81_matrix,
25,passed,retained_24h_20260709,passed_prior_exact_audit_match,unit_square,unit_square/line_square_incidence/coord_mutation/greedy_partial_lp_bitset,unit_square/line_square_incidence/coord_mutation/greedy_partial_lp_bitset/budget86400/git20750a588a5b,unit_square_stab_certificate_v1,/home/sg9396/patternboost/multi-level-20750a588a5b/runs/main_81_24h_20260709_1623/main_results/main/unit_square/line_square_incidence/coord_mutation/greedy_partial_lp_bitset/certificates/best_iter010710_9b5c298e9e89.json,docs/assets/main_81_24h_20260709_1623/postprocess/audit.csv#row=55,True,9b5c298e9e89b787ead4b4015497193925cda2f7763aa220752f160a1ea106b5,9b5c298e9e89b787ead4b4015497193925cda2f7763aa220752f160a1ea106b5,,True,1.25,1.25,1.25,0.0,True,False,,True,True,55,matched_passed_old_audit_entry,old_81_matrix,
26,passed,retained_24h_20260709,passed_prior_exact_audit_match,unit_square,unit_square/line_square_incidence/coord_mutation/incidence_statistics,unit_square/line_square_incidence/coord_mutation/incidence_statistics/budget86400/git20750a588a5b,unit_square_stab_certificate_v1,/home/sg9396/patternboost/multi-level-20750a588a5b/runs/main_81_24h_20260709_1623/main_results/main/unit_square/line_square_incidence/coord_mutation/incidence_statistics/certificates/best_iter002040_ceabf1422ce3.json,docs/assets/main_81_24h_20260709_1623/postprocess/audit.csv#row=56,True,ceabf1422ce3fa343e75da319f175519b429eb613d85b1d6b551351253818b9a,ceabf1422ce3fa343e75da319f175519b429eb613d85b1d6b551351253818b9a,,True,1.3333333333333333,1.3333333333333333,1.3333333333333333,0.0,True,False,,True,True,56,matched_passed_old_audit_entry,old_81_matrix,
27,passed,retained_24h_20260709,passed_prior_exact_audit_match,unit_square,unit_square/line_square_incidence/sqstab_local_hillclimb/exact_stab_gap_pressure,unit_square/line_square_incidence/sqstab_local_hillclimb/exact_stab_gap_pressure/budget86400/git20750a588a5b,unit_square_stab_certificate_v1,/home/sg9396/patternboost/multi-level-20750a588a5b/runs/main_81_24h_20260709_1623/main_results/main/unit_square/line_square_incidence/sqstab_local_hillclimb/exact_stab_gap_pressure/certificates/best_iter007030_98012977bc67.json,docs/assets/main_81_24h_20260709_1623/postprocess/audit.csv#row=60,True,98012977bc6798bc68414b7bbba42c7ba79765ceb05681ed32716f4aeacfc726,98012977bc6798bc68414b7bbba42c7ba79765ceb05681ed32716f4aeacfc726,,True,1.5000000000000004,1.5000000000000004,1.5000000000000004,0.0,True,False,,True,True,60,matched_passed_old_audit_entry,old_81_matrix,
28,passed,retained_24h_20260709,passed_prior_exact_audit_match,unit_square,unit_square/line_square_incidence/sqstab_local_hillclimb/greedy_partial_lp_bitset,unit_square/line_square_incidence/sqstab_local_hillclimb/greedy_partial_lp_bitset/budget86400/git20750a588a5b,unit_square_stab_certificate_v1,/home/sg9396/patternboost/multi-level-20750a588a5b/runs/main_81_24h_20260709_1623/main_results/main/unit_square/line_square_incidence/sqstab_local_hillclimb/greedy_partial_lp_bitset/certificates/best_iter004910_043f2e9afe16.json,docs/assets/main_81_24h_20260709_1623/postprocess/audit.csv#row=61,True,043f2e9afe16d0ac733d576f2c3d1feec777f5ad7db8b0dae7956f7996d98733,043f2e9afe16d0ac733d576f2c3d1feec777f5ad7db8b0dae7956f7996d98733,,True,1.3636363636363635,1.3636363636363635,1.3636363636363635,0.0,True,False,,True,True,61,matched_passed_old_audit_entry,old_81_matrix,
29,passed,retained_24h_20260709,passed_prior_exact_audit_match,unit_square,unit_square/line_square_incidence/sqstab_local_hillclimb/incidence_statistics,unit_square/line_square_incidence/sqstab_local_hillclimb/incidence_statistics/budget86400/git20750a588a5b,unit_square_stab_certificate_v1,/home/sg9396/patternboost/multi-level-20750a588a5b/runs/main_81_24h_20260709_1623/main_results/main/unit_square/line_square_incidence/sqstab_local_hillclimb/incidence_statistics/certificates/best_iter006495_87e4d2ef5141.json,docs/assets/main_81_24h_20260709_1623/postprocess/audit.csv#row=62,True,87e4d2ef5141fe388ee3235a8f998214bdf88792840775bda745f5ba807a8553,87e4d2ef5141fe388ee3235a8f998214bdf88792840775bda745f5ba807a8553,,True,1.3333333333333333,1.3333333333333333,1.3333333333333333,0.0,True,False,,True,True,62,matched_passed_old_audit_entry,old_81_matrix,
30,passed,retained_24h_20260709,passed_prior_exact_audit_match,unit_square,unit_square/sqstab_exact_grid/coord_mutation/exact_stab_gap_pressure,unit_square/sqstab_exact_grid/coord_mutation/exact_stab_gap_pressure/budget86400/git20750a588a5b,unit_square_stab_certificate_v1,/home/sg9396/patternboost/multi-level-20750a588a5b/runs/main_81_24h_20260709_1623/main_results/main/unit_square/sqstab_exact_grid/coord_mutation/exact_stab_gap_pressure/certificates/best_iter000835_438875734d17.json,docs/assets/main_81_24h_20260709_1623/postprocess/audit.csv#row=63,True,438875734d17e6ba2a5fd3a67ca07d42dd836baa1ff0cf277f27a4d64347dc76,438875734d17e6ba2a5fd3a67ca07d42dd836baa1ff0cf277f27a4d64347dc76,,True,1.5000000000000004,1.5000000000000004,1.5000000000000004,0.0,True,False,,True,True,63,matched_passed_old_audit_entry,old_81_matrix,
31,passed,retained_24h_20260709,passed_prior_exact_audit_match,unit_square,unit_square/sqstab_exact_grid/coord_mutation/greedy_partial_lp_bitset,unit_square/sqstab_exact_grid/coord_mutation/greedy_partial_lp_bitset/budget86400/git20750a588a5b,unit_square_stab_certificate_v1,/home/sg9396/patternboost/multi-level-20750a588a5b/runs/main_81_24h_20260709_1623/main_results/main/unit_square/sqstab_exact_grid/coord_mutation/greedy_partial_lp_bitset/certificates/best_iter015820_b03c1c8f2142.json,docs/assets/main_81_24h_20260709_1623/postprocess/audit.csv#row=64,True,b03c1c8f21424f0ae2a72bb21b491f4b0a2292a18ab1672f070af02e65bfc05e,b03c1c8f21424f0ae2a72bb21b491f4b0a2292a18ab1672f070af02e65bfc05e,,True,1.3636363636363638,1.3636363636363638,1.3636363636363638,0.0,True,False,,True,True,64,matched_passed_old_audit_entry,old_81_matrix,
32,passed,retained_24h_20260709,passed_prior_exact_audit_match,unit_square,unit_square/sqstab_exact_grid/coord_mutation/incidence_statistics,unit_square/sqstab_exact_grid/coord_mutation/incidence_statistics/budget86400/git20750a588a5b,unit_square_stab_certificate_v1,/home/sg9396/patternboost/multi-level-20750a588a5b/runs/main_81_24h_20260709_1623/main_results/main/unit_square/sqstab_exact_grid/coord_mutation/incidence_statistics/certificates/best_iter000350_3f21df44f372.json,docs/assets/main_81_24h_20260709_1623/postprocess/audit.csv#row=65,True,3f21df44f372c55511c41d8996205ed81b41727a1a0b91ab5659f48b1ca8ec58,3f21df44f372c55511c41d8996205ed81b41727a1a0b91ab5659f48b1ca8ec58,,True,1.3157894736842104,1.3157894736842104,1.3157894736842104,0.0,True,False,,True,True,65,matched_passed_old_audit_entry,old_81_matrix,
33,passed,retained_24h_20260709,passed_prior_exact_audit_match,unit_square,unit_square/sqstab_exact_grid/sqstab_local_hillclimb/exact_stab_gap_pressure,unit_square/sqstab_exact_grid/sqstab_local_hillclimb/exact_stab_gap_pressure/budget86400/git20750a588a5b,unit_square_stab_certificate_v1,/home/sg9396/patternboost/multi-level-20750a588a5b/runs/main_81_24h_20260709_1623/main_results/main/unit_square/sqstab_exact_grid/sqstab_local_hillclimb/exact_stab_gap_pressure/certificates/best_iter000880_816096b04ac5.json,docs/assets/main_81_24h_20260709_1623/postprocess/audit.csv#row=69,True,816096b04ac53bbf2a0de59a5bc1cd05fdec14319dc1886c3656b1cd9cc11a9b,816096b04ac53bbf2a0de59a5bc1cd05fdec14319dc1886c3656b1cd9cc11a9b,,True,1.5000000000000002,1.5000000000000002,1.5000000000000002,0.0,True,False,,True,True,69,matched_passed_old_audit_entry,old_81_matrix,
34,passed,retained_24h_20260709,passed_prior_exact_audit_match,unit_square,unit_square/sqstab_exact_grid/sqstab_local_hillclimb/greedy_partial_lp_bitset,unit_square/sqstab_exact_grid/sqstab_local_hillclimb/greedy_partial_lp_bitset/budget86400/git20750a588a5b,unit_square_stab_certificate_v1,/home/sg9396/patternboost/multi-level-20750a588a5b/runs/main_81_24h_20260709_1623/main_results/main/unit_square/sqstab_exact_grid/sqstab_local_hillclimb/greedy_partial_lp_bitset/certificates/best_iter007210_00cfe4c3666f.json,docs/assets/main_81_24h_20260709_1623/postprocess/audit.csv#row=70,True,00cfe4c3666f581cdff5b22b45d9e29d12b5e3523d178029a28d0a429816ff65,00cfe4c3666f581cdff5b22b45d9e29d12b5e3523d178029a28d0a429816ff65,,True,1.3461538461538465,1.3461538461538465,1.3461538461538465,0.0,True,False,,True,True,70,matched_passed_old_audit_entry,old_81_matrix,
35,passed,retained_24h_20260709,passed_prior_exact_audit_match,unit_square,unit_square/sqstab_exact_grid/sqstab_local_hillclimb/incidence_statistics,unit_square/sqstab_exact_grid/sqstab_local_hillclimb/incidence_statistics/budget86400/git20750a588a5b,unit_square_stab_certificate_v1,/home/sg9396/patternboost/multi-level-20750a588a5b/runs/main_81_24h_20260709_1623/main_results/main/unit_square/sqstab_exact_grid/sqstab_local_hillclimb/incidence_statistics/certificates/best_iter000005_69877fd54db5.json,docs/assets/main_81_24h_20260709_1623/postprocess/audit.csv#row=71,True,69877fd54db58428affbe0ada4190aef5ef1dfb6946c0380ccb5370e5b317c97,69877fd54db58428affbe0ada4190aef5ef1dfb6946c0380ccb5370e5b317c97,,True,1.3333333333333333,1.3333333333333333,1.3333333333333333,0.0,True,False,,True,True,71,matched_passed_old_audit_entry,old_81_matrix,
36,passed,replacement_24h_20260711,passed_fresh_exact_verify,guillotine,guillotine/fixed_symmetry_packing/packing_resize/depth_limited_dp,guillotine/fixed_symmetry_packing/packing_resize/depth_limited_dp/budget86400/git6f80dfec1a16,guillotine_certificate_v1,/private/tmp/patternboost_hybrid81/new42/guillotine/fixed_symmetry_packing/packing_resize/depth_limited_dp/certificates/best_iter000100_576ec75663a8.json,/tmp/patternboost_hybrid81/new42,True,576ec75663a8286acc111a02a7c5dd3812e309ecd1d892cb81ed5388a6b75e4c,576ec75663a8286acc111a02a7c5dd3812e309ecd1d892cb81ed5388a6b75e4c,576ec75663a8286acc111a02a7c5dd3812e309ecd1d892cb81ed5388a6b75e4c,True,0.25,0.25,0.25,0.0,True,True,True,,False,,multilevel.scorers.guillotine.verify_certificate,delta_45_matrix,
37,passed,replacement_24h_20260711,passed_fresh_exact_verify,guillotine,guillotine/fixed_symmetry_packing/packing_resize/first_cut_obstruction,guillotine/fixed_symmetry_packing/packing_resize/first_cut_obstruction/budget86400/git6f80dfec1a16,guillotine_certificate_v1,/private/tmp/patternboost_hybrid81/new42/guillotine/fixed_symmetry_packing/packing_resize/first_cut_obstruction/certificates/best_iter000385_d9634b9e94bb.json,/tmp/patternboost_hybrid81/new42,True,d9634b9e94bb0194a9f733b06bb098552cfaa001d86eeb1f235f05353bad39fa,d9634b9e94bb0194a9f733b06bb098552cfaa001d86eeb1f235f05353bad39fa,d9634b9e94bb0194a9f733b06bb098552cfaa001d86eeb1f235f05353bad39fa,True,0.25,0.25,0.25,0.0,True,True,True,,False,,multilevel.scorers.guillotine.verify_certificate,delta_45_matrix,
38,passed,replacement_24h_20260711,passed_fresh_exact_verify,guillotine,guillotine/fixed_symmetry_packing/packing_resize/k_subset_nonseparability,guillotine/fixed_symmetry_packing/packing_resize/k_subset_nonseparability/budget86400/git6f80dfec1a16,guillotine_certificate_v1,/private/tmp/patternboost_hybrid81/new42/guillotine/fixed_symmetry_packing/packing_resize/k_subset_nonseparability/certificates/best_iter000080_63f16e9b8aea.json,/tmp/patternboost_hybrid81/new42,True,63f16e9b8aea59c6d66ff108d119c463f87669ae1c2069d459570d2289fff1b1,63f16e9b8aea59c6d66ff108d119c463f87669ae1c2069d459570d2289fff1b1,63f16e9b8aea59c6d66ff108d119c463f87669ae1c2069d459570d2289fff1b1,True,0.25,0.25,0.25,0.0,True,True,True,,False,,multilevel.scorers.guillotine.verify_certificate,delta_45_matrix,
39,passed,replacement_24h_20260711,passed_fresh_exact_verify,guillotine,guillotine/fixed_symmetry_packing/symmetry_crossover_hillclimb/depth_limited_dp,guillotine/fixed_symmetry_packing/symmetry_crossover_hillclimb/depth_limited_dp/budget86400/git6f80dfec1a16,guillotine_certificate_v1,/private/tmp/patternboost_hybrid81/new42/guillotine/fixed_symmetry_packing/symmetry_crossover_hillclimb/depth_limited_dp/certificates/best_iter001070_14119787d781.json,/tmp/patternboost_hybrid81/new42,True,14119787d78106ae18aff255a504140c136c6516bc1b1b8b47f207fb45169d0a,14119787d78106ae18aff255a504140c136c6516bc1b1b8b47f207fb45169d0a,14119787d78106ae18aff255a504140c136c6516bc1b1b8b47f207fb45169d0a,True,0.16666666666666666,0.16666666666666666,0.16666666666666666,0.0,True,True,True,,False,,multilevel.scorers.guillotine.verify_certificate,delta_45_matrix,
40,passed,replacement_24h_20260711,passed_fresh_exact_verify,guillotine,guillotine/fixed_symmetry_packing/symmetry_crossover_hillclimb/first_cut_obstruction,guillotine/fixed_symmetry_packing/symmetry_crossover_hillclimb/first_cut_obstruction/budget86400/git6f80dfec1a16,guillotine_certificate_v1,/private/tmp/patternboost_hybrid81/new42/guillotine/fixed_symmetry_packing/symmetry_crossover_hillclimb/first_cut_obstruction/certificates/best_iter000735_b3377ce797dd.json,/tmp/patternboost_hybrid81/new42,True,b3377ce797dde65a0c14d3656193bb0d989f416b4290b9835f798585a8dd0876,b3377ce797dde65a0c14d3656193bb0d989f416b4290b9835f798585a8dd0876,b3377ce797dde65a0c14d3656193bb0d989f416b4290b9835f798585a8dd0876,True,0.16666666666666666,0.16666666666666666,0.16666666666666666,0.0,True,True,True,,False,,multilevel.scorers.guillotine.verify_certificate,delta_45_matrix,
41,passed,replacement_24h_20260711,passed_fresh_exact_verify,guillotine,guillotine/fixed_symmetry_packing/symmetry_crossover_hillclimb/k_subset_nonseparability,guillotine/fixed_symmetry_packing/symmetry_crossover_hillclimb/k_subset_nonseparability/budget86400/git6f80dfec1a16,guillotine_certificate_v1,/private/tmp/patternboost_hybrid81/new42/guillotine/fixed_symmetry_packing/symmetry_crossover_hillclimb/k_subset_nonseparability/certificates/best_iter001873_9ad3ad1a7c84.json,/tmp/patternboost_hybrid81/new42,True,9ad3ad1a7c842f5ddd725a92bd98013c1c1c24313152678fa9b34e34d2021f91,9ad3ad1a7c842f5ddd725a92bd98013c1c1c24313152678fa9b34e34d2021f91,9ad3ad1a7c842f5ddd725a92bd98013c1c1c24313152678fa9b34e34d2021f91,True,0.16666666666666666,0.16666666666666666,0.16666666666666666,0.0,True,True,True,,False,,multilevel.scorers.guillotine.verify_certificate,delta_45_matrix,
42,passed,replacement_24h_20260711,passed_fresh_exact_verify,guillotine,guillotine/fixed_symmetry_packing/witness_breaking/depth_limited_dp,guillotine/fixed_symmetry_packing/witness_breaking/depth_limited_dp/budget86400/git6f80dfec1a16,guillotine_certificate_v1,/private/tmp/patternboost_hybrid81/new42/guillotine/fixed_symmetry_packing/witness_breaking/depth_limited_dp/certificates/best_iter000035_6a92eb570b25.json,/tmp/patternboost_hybrid81/new42,True,6a92eb570b256962dd24593da281d9177bfbd006421466f913f3440492582992,6a92eb570b256962dd24593da281d9177bfbd006421466f913f3440492582992,6a92eb570b256962dd24593da281d9177bfbd006421466f913f3440492582992,True,0.25,0.25,0.25,0.0,True,True,True,,False,,multilevel.scorers.guillotine.verify_certificate,delta_45_matrix,
43,passed,replacement_24h_20260711,passed_fresh_exact_verify,guillotine,guillotine/fixed_symmetry_packing/witness_breaking/first_cut_obstruction,guillotine/fixed_symmetry_packing/witness_breaking/first_cut_obstruction/budget86400/git6f80dfec1a16,guillotine_certificate_v1,/private/tmp/patternboost_hybrid81/new42/guillotine/fixed_symmetry_packing/witness_breaking/first_cut_obstruction/certificates/best_iter000015_a289c520c4d1.json,/tmp/patternboost_hybrid81/new42,True,a289c520c4d1b60ece10a949ac3cb6aeab5f1608ce2c772194eda411e5aecbd8,a289c520c4d1b60ece10a949ac3cb6aeab5f1608ce2c772194eda411e5aecbd8,a289c520c4d1b60ece10a949ac3cb6aeab5f1608ce2c772194eda411e5aecbd8,True,0.25,0.25,0.25,0.0,True,True,True,,False,,multilevel.scorers.guillotine.verify_certificate,delta_45_matrix,
44,passed,replacement_24h_20260711,passed_fresh_exact_verify,guillotine,guillotine/fixed_symmetry_packing/witness_breaking/k_subset_nonseparability,guillotine/fixed_symmetry_packing/witness_breaking/k_subset_nonseparability/budget86400/git6f80dfec1a16,guillotine_certificate_v1,/private/tmp/patternboost_hybrid81/new42/guillotine/fixed_symmetry_packing/witness_breaking/k_subset_nonseparability/certificates/best_iter000045_818ee2b1dcd2.json,/tmp/patternboost_hybrid81/new42,True,818ee2b1dcd236c1d971f2f07006bb55db1f8605e22456a6e4792303b9124535,818ee2b1dcd236c1d971f2f07006bb55db1f8605e22456a6e4792303b9124535,818ee2b1dcd236c1d971f2f07006bb55db1f8605e22456a6e4792303b9124535,True,0.25,0.25,0.25,0.0,True,True,True,,False,,multilevel.scorers.guillotine.verify_certificate,delta_45_matrix,
45,passed,replacement_24h_20260711,passed_fresh_exact_verify,guillotine,guillotine/rect_direct_disjoint/symmetry_crossover_hillclimb/depth_limited_dp,guillotine/rect_direct_disjoint/symmetry_crossover_hillclimb/depth_limited_dp/budget86400/git6f80dfec1a16,guillotine_certificate_v1,/private/tmp/patternboost_hybrid81/new42/guillotine/rect_direct_disjoint/symmetry_crossover_hillclimb/depth_limited_dp/certificates/best_iter002027_75fd24e1e569.json,/tmp/patternboost_hybrid81/new42,True,75fd24e1e569018f4ae4c8104af16834cda96b230164b7d011b559584775b0bf,75fd24e1e569018f4ae4c8104af16834cda96b230164b7d011b559584775b0bf,75fd24e1e569018f4ae4c8104af16834cda96b230164b7d011b559584775b0bf,True,0.16666666666666666,0.16666666666666666,0.16666666666666666,0.0,True,True,True,,False,,multilevel.scorers.guillotine.verify_certificate,delta_45_matrix,
46,passed,replacement_24h_20260711,passed_fresh_exact_verify,guillotine,guillotine/rect_direct_disjoint/symmetry_crossover_hillclimb/first_cut_obstruction,guillotine/rect_direct_disjoint/symmetry_crossover_hillclimb/first_cut_obstruction/budget86400/git6f80dfec1a16,guillotine_certificate_v1,/private/tmp/patternboost_hybrid81/new42/guillotine/rect_direct_disjoint/symmetry_crossover_hillclimb/first_cut_obstruction/certificates/best_iter002083_8878e5059680.json,/tmp/patternboost_hybrid81/new42,True,8878e505968061b43194a6452bd5bdbf387c31dd710da954359dde7315d1ed6b,8878e505968061b43194a6452bd5bdbf387c31dd710da954359dde7315d1ed6b,8878e505968061b43194a6452bd5bdbf387c31dd710da954359dde7315d1ed6b,True,0.16666666666666666,0.16666666666666666,0.16666666666666666,0.0,True,True,True,,False,,multilevel.scorers.guillotine.verify_certificate,delta_45_matrix,
47,passed,replacement_24h_20260711,passed_fresh_exact_verify,guillotine,guillotine/rect_direct_disjoint/symmetry_crossover_hillclimb/k_subset_nonseparability,guillotine/rect_direct_disjoint/symmetry_crossover_hillclimb/k_subset_nonseparability/budget86400/git6f80dfec1a16,guillotine_certificate_v1,/private/tmp/patternboost_hybrid81/new42/guillotine/rect_direct_disjoint/symmetry_crossover_hillclimb/k_subset_nonseparability/certificates/best_iter001969_862105dcbadb.json,/tmp/patternboost_hybrid81/new42,True,862105dcbadb75dc3ab45a953b83f64bb2b172a840fa76f986e1c20d244fc1f0,862105dcbadb75dc3ab45a953b83f64bb2b172a840fa76f986e1c20d244fc1f0,862105dcbadb75dc3ab45a953b83f64bb2b172a840fa76f986e1c20d244fc1f0,True,0.16666666666666666,0.16666666666666666,0.16666666666666666,0.0,True,True,True,,False,,multilevel.scorers.guillotine.verify_certificate,delta_45_matrix,
48,passed,replacement_24h_20260711,passed_fresh_exact_verify,guillotine,guillotine/recursive_obstruction_grammar/symmetry_crossover_hillclimb/depth_limited_dp,guillotine/recursive_obstruction_grammar/symmetry_crossover_hillclimb/depth_limited_dp/budget86400/git6f80dfec1a16,guillotine_certificate_v1,/private/tmp/patternboost_hybrid81/new42/guillotine/recursive_obstruction_grammar/symmetry_crossover_hillclimb/depth_limited_dp/certificates/best_iter000000_0a876cdd0c1d.json,/tmp/patternboost_hybrid81/new42,True,0a876cdd0c1dbef50b56744f698c4b90185e029369c200f0390116ebb59e43d8,0a876cdd0c1dbef50b56744f698c4b90185e029369c200f0390116ebb59e43d8,0a876cdd0c1dbef50b56744f698c4b90185e029369c200f0390116ebb59e43d8,True,0.16666666666666666,0.16666666666666666,0.16666666666666666,0.0,True,True,True,,False,,multilevel.scorers.guillotine.verify_certificate,delta_45_matrix,
49,passed,replacement_24h_20260711,passed_fresh_exact_verify,guillotine,guillotine/recursive_obstruction_grammar/symmetry_crossover_hillclimb/first_cut_obstruction,guillotine/recursive_obstruction_grammar/symmetry_crossover_hillclimb/first_cut_obstruction/budget86400/git6f80dfec1a16,guillotine_certificate_v1,/private/tmp/patternboost_hybrid81/new42/guillotine/recursive_obstruction_grammar/symmetry_crossover_hillclimb/first_cut_obstruction/certificates/best_iter000000_9a32c4492de3.json,/tmp/patternboost_hybrid81/new42,True,9a32c4492de3023159b0d00040a75c20b7395555c8cd5cd282e7cef6a0e1b67d,9a32c4492de3023159b0d00040a75c20b7395555c8cd5cd282e7cef6a0e1b67d,9a32c4492de3023159b0d00040a75c20b7395555c8cd5cd282e7cef6a0e1b67d,True,0.16666666666666666,0.16666666666666666,0.16666666666666666,0.0,True,True,True,,False,,multilevel.scorers.guillotine.verify_certificate,delta_45_matrix,
50,passed,replacement_24h_20260711,passed_fresh_exact_verify,guillotine,guillotine/recursive_obstruction_grammar/symmetry_crossover_hillclimb/k_subset_nonseparability,guillotine/recursive_obstruction_grammar/symmetry_crossover_hillclimb/k_subset_nonseparability/budget86400/git6f80dfec1a16,guillotine_certificate_v1,/private/tmp/patternboost_hybrid81/new42/guillotine/recursive_obstruction_grammar/symmetry_crossover_hillclimb/k_subset_nonseparability/certificates/best_iter000000_c9386cbe06da.json,/tmp/patternboost_hybrid81/new42,True,c9386cbe06da4c5ae785fa1eeaf86bd17db81eba1ae969d47dfcf599d1f30167,c9386cbe06da4c5ae785fa1eeaf86bd17db81eba1ae969d47dfcf599d1f30167,c9386cbe06da4c5ae785fa1eeaf86bd17db81eba1ae969d47dfcf599d1f30167,True,0.16666666666666666,0.16666666666666666,0.16666666666666666,0.0,True,True,True,,False,,multilevel.scorers.guillotine.verify_certificate,delta_45_matrix,
51,passed,replacement_24h_20260711,passed_fresh_exact_verify,misr,misr/fixed_symmetry_rectangles/program_coeff_pivot/exact_lp_gap_pressure,misr/fixed_symmetry_rectangles/program_coeff_pivot/exact_lp_gap_pressure/budget86400/git6f80dfec1a16,misr_certificate_v1,/private/tmp/patternboost_hybrid81/new42/misr/fixed_symmetry_rectangles/program_coeff_pivot/exact_lp_gap_pressure/certificates/best_iter001885_b14220c5a1db.json,/tmp/patternboost_hybrid81/new42,True,b14220c5a1dbfdab27ce4745fc817caefa9fa38cc6ce0ce81c967f5dd21e0914,b14220c5a1dbfdab27ce4745fc817caefa9fa38cc6ce0ce81c967f5dd21e0914,b14220c5a1dbfdab27ce4745fc817caefa9fa38cc6ce0ce81c967f5dd21e0914,True,1.25,1.25,1.25,0.0,True,True,True,,False,,multilevel.scorers.misr.verify_certificate,delta_45_matrix,
52,passed,replacement_24h_20260711,passed_fresh_exact_verify,misr,misr/fixed_symmetry_rectangles/program_coeff_pivot/graph_conflict_proxy,misr/fixed_symmetry_rectangles/program_coeff_pivot/graph_conflict_proxy/budget86400/git6f80dfec1a16,misr_certificate_v1,/private/tmp/patternboost_hybrid81/new42/misr/fixed_symmetry_rectangles/program_coeff_pivot/graph_conflict_proxy/certificates/best_iter009795_6abca6be970e.json,/tmp/patternboost_hybrid81/new42,True,6abca6be970e08491e0ecc071979a7a3403ce04050912d70209b702bd1e9c912,6abca6be970e08491e0ecc071979a7a3403ce04050912d70209b702bd1e9c912,6abca6be970e08491e0ecc071979a7a3403ce04050912d70209b702bd1e9c912,True,1.25,1.25,1.25,0.0,True,True,True,,False,,multilevel.scorers.misr.verify_certificate,delta_45_matrix,
53,passed,replacement_24h_20260711,passed_fresh_exact_verify,misr,misr/fixed_symmetry_rectangles/program_coeff_pivot/triangle_free_exact_gap_pressure,misr/fixed_symmetry_rectangles/program_coeff_pivot/triangle_free_exact_gap_pressure/budget86400/git6f80dfec1a16,misr_certificate_v1,/private/tmp/patternboost_hybrid81/new42/misr/fixed_symmetry_rectangles/program_coeff_pivot/triangle_free_exact_gap_pressure/certificates/best_iter015905_7c85b367219b.json,/tmp/patternboost_hybrid81/new42,True,7c85b367219ba423433cd320077438924001057fe16054ace53478ac69ffd59a,7c85b367219ba423433cd320077438924001057fe16054ace53478ac69ffd59a,7c85b367219ba423433cd320077438924001057fe16054ace53478ac69ffd59a,True,1.25,1.25,1.25,0.0,True,True,True,,False,,multilevel.scorers.misr.verify_certificate,delta_45_matrix,
54,passed,replacement_24h_20260711,passed_fresh_exact_verify,misr,misr/fixed_symmetry_rectangles/sequence_pair_pivot/exact_lp_gap_pressure,misr/fixed_symmetry_rectangles/sequence_pair_pivot/exact_lp_gap_pressure/budget86400/git6f80dfec1a16,misr_certificate_v1,/private/tmp/patternboost_hybrid81/new42/misr/fixed_symmetry_rectangles/sequence_pair_pivot/exact_lp_gap_pressure/certificates/best_iter016265_467d3a842189.json,/tmp/patternboost_hybrid81/new42,True,467d3a842189062a34a50dd31acf60b66608f0efe491656d794960bd54c3d7b5,467d3a842189062a34a50dd31acf60b66608f0efe491656d794960bd54c3d7b5,467d3a842189062a34a50dd31acf60b66608f0efe491656d794960bd54c3d7b5,True,1.3333333333333337,1.3333333333333337,1.3333333333333337,0.0,True,True,True,,False,,multilevel.scorers.misr.verify_certificate,delta_45_matrix,
55,passed,replacement_24h_20260711,passed_fresh_exact_verify,misr,misr/fixed_symmetry_rectangles/sequence_pair_pivot/graph_conflict_proxy,misr/fixed_symmetry_rectangles/sequence_pair_pivot/graph_conflict_proxy/budget86400/git6f80dfec1a16,misr_certificate_v1,/private/tmp/patternboost_hybrid81/new42/misr/fixed_symmetry_rectangles/sequence_pair_pivot/graph_conflict_proxy/certificates/best_iter000000_e22d2f0ca172.json,/tmp/patternboost_hybrid81/new42,True,e22d2f0ca1726e252fc9c274ab6b10e9945631eaaf30ea258ef97670665b5574,e22d2f0ca1726e252fc9c274ab6b10e9945631eaaf30ea258ef97670665b5574,e22d2f0ca1726e252fc9c274ab6b10e9945631eaaf30ea258ef97670665b5574,True,1.0,1.0,1.0,0.0,True,True,True,,False,,multilevel.scorers.misr.verify_certificate,delta_45_matrix,
56,passed,replacement_24h_20260711,passed_fresh_exact_verify,misr,misr/fixed_symmetry_rectangles/sequence_pair_pivot/triangle_free_exact_gap_pressure,misr/fixed_symmetry_rectangles/sequence_pair_pivot/triangle_free_exact_gap_pressure/budget86400/git6f80dfec1a16,misr_certificate_v1,/private/tmp/patternboost_hybrid81/new42/misr/fixed_symmetry_rectangles/sequence_pair_pivot/triangle_free_exact_gap_pressure/certificates/best_iter000000_290e82df8fde.json,/tmp/patternboost_hybrid81/new42,True,290e82df8fde0d11becfa4c3572164e32607bf9abca61854b0113a999f36107e,290e82df8fde0d11becfa4c3572164e32607bf9abca61854b0113a999f36107e,290e82df8fde0d11becfa4c3572164e32607bf9abca61854b0113a999f36107e,True,1.25,1.25,1.25,0.0,True,True,True,,False,,multilevel.scorers.misr.verify_certificate,delta_45_matrix,
57,passed,replacement_24h_20260711,passed_fresh_exact_verify,misr,misr/fixed_symmetry_rectangles/symmetry_crossover_hillclimb/exact_lp_gap_pressure,misr/fixed_symmetry_rectangles/symmetry_crossover_hillclimb/exact_lp_gap_pressure/budget86400/git6f80dfec1a16,misr_certificate_v1,/private/tmp/patternboost_hybrid81/new42/misr/fixed_symmetry_rectangles/symmetry_crossover_hillclimb/exact_lp_gap_pressure/certificates/best_iter000865_02d8a885d5d2.json,/tmp/patternboost_hybrid81/new42,True,02d8a885d5d20778c277dad0fcf5864cf5901369f83d5c94650dc84f87b3f737,02d8a885d5d20778c277dad0fcf5864cf5901369f83d5c94650dc84f87b3f737,02d8a885d5d20778c277dad0fcf5864cf5901369f83d5c94650dc84f87b3f737,True,1.333333333333334,1.333333333333334,1.333333333333334,0.0,True,True,True,,False,,multilevel.scorers.misr.verify_certificate,delta_45_matrix,
58,passed,replacement_24h_20260711,passed_fresh_exact_verify,misr,misr/fixed_symmetry_rectangles/symmetry_crossover_hillclimb/graph_conflict_proxy,misr/fixed_symmetry_rectangles/symmetry_crossover_hillclimb/graph_conflict_proxy/budget86400/git6f80dfec1a16,misr_certificate_v1,/private/tmp/patternboost_hybrid81/new42/misr/fixed_symmetry_rectangles/symmetry_crossover_hillclimb/graph_conflict_proxy/certificates/best_iter000020_ae03e9dafb39.json,/tmp/patternboost_hybrid81/new42,True,ae03e9dafb392f8523dbe1a3bfa03bec88b7394592162b7c6f2de49743ac7c86,ae03e9dafb392f8523dbe1a3bfa03bec88b7394592162b7c6f2de49743ac7c86,ae03e9dafb392f8523dbe1a3bfa03bec88b7394592162b7c6f2de49743ac7c86,True,1.25,1.25,1.25,0.0,True,True,True,,False,,multilevel.scorers.misr.verify_certificate,delta_45_matrix,
59,passed,replacement_24h_20260711,passed_fresh_exact_verify,misr,misr/fixed_symmetry_rectangles/symmetry_crossover_hillclimb/triangle_free_exact_gap_pressure,misr/fixed_symmetry_rectangles/symmetry_crossover_hillclimb/triangle_free_exact_gap_pressure/budget86400/git6f80dfec1a16,misr_certificate_v1,/private/tmp/patternboost_hybrid81/new42/misr/fixed_symmetry_rectangles/symmetry_crossover_hillclimb/triangle_free_exact_gap_pressure/certificates/best_iter000015_4db227668d67.json,/tmp/patternboost_hybrid81/new42,True,4db227668d67bf305531c3ec67546d0bcaa0253525e899e1b25e95c07e023614,4db227668d67bf305531c3ec67546d0bcaa0253525e899e1b25e95c07e023614,4db227668d67bf305531c3ec67546d0bcaa0253525e899e1b25e95c07e023614,True,1.25,1.25,1.25,0.0,True,True,True,,False,,multilevel.scorers.misr.verify_certificate,delta_45_matrix,
60,passed,replacement_24h_20260711,passed_fresh_exact_verify,misr,misr/quadratic_program_rectangles/symmetry_crossover_hillclimb/exact_lp_gap_pressure,misr/quadratic_program_rectangles/symmetry_crossover_hillclimb/exact_lp_gap_pressure/budget86400/git6f80dfec1a16,misr_certificate_v1,/private/tmp/patternboost_hybrid81/new42/misr/quadratic_program_rectangles/symmetry_crossover_hillclimb/exact_lp_gap_pressure/certificates/best_iter000005_2194283201c2.json,/tmp/patternboost_hybrid81/new42,True,2194283201c2b49f59e0d7788f13ad5cf140efd95694453740ca0d93a0d75849,2194283201c2b49f59e0d7788f13ad5cf140efd95694453740ca0d93a0d75849,2194283201c2b49f59e0d7788f13ad5cf140efd95694453740ca0d93a0d75849,True,1.2,1.2,1.2,0.0,True,True,True,,False,,multilevel.scorers.misr.verify_certificate,delta_45_matrix,
61,passed,replacement_24h_20260711,passed_fresh_exact_verify,misr,misr/quadratic_program_rectangles/symmetry_crossover_hillclimb/graph_conflict_proxy,misr/quadratic_program_rectangles/symmetry_crossover_hillclimb/graph_conflict_proxy/budget86400/git6f80dfec1a16,misr_certificate_v1,/private/tmp/patternboost_hybrid81/new42/misr/quadratic_program_rectangles/symmetry_crossover_hillclimb/graph_conflict_proxy/certificates/best_iter000005_0b655b23a1c5.json,/tmp/patternboost_hybrid81/new42,True,0b655b23a1c5a3601ae4008325ce5b0780bb2992da39f955f31c869aba297d03,0b655b23a1c5a3601ae4008325ce5b0780bb2992da39f955f31c869aba297d03,0b655b23a1c5a3601ae4008325ce5b0780bb2992da39f955f31c869aba297d03,True,1.2,1.2,1.2,0.0,True,True,True,,False,,multilevel.scorers.misr.verify_certificate,delta_45_matrix,
62,passed,replacement_24h_20260711,passed_fresh_exact_verify,misr,misr/quadratic_program_rectangles/symmetry_crossover_hillclimb/triangle_free_exact_gap_pressure,misr/quadratic_program_rectangles/symmetry_crossover_hillclimb/triangle_free_exact_gap_pressure/budget86400/git6f80dfec1a16,misr_certificate_v1,/private/tmp/patternboost_hybrid81/new42/misr/quadratic_program_rectangles/symmetry_crossover_hillclimb/triangle_free_exact_gap_pressure/certificates/best_iter000220_cbbba0718034.json,/tmp/patternboost_hybrid81/new42,True,cbbba07180348f97fbeb1ba73dda260cccc31d528e235b0337be48fab4d86856,cbbba07180348f97fbeb1ba73dda260cccc31d528e235b0337be48fab4d86856,cbbba07180348f97fbeb1ba73dda260cccc31d528e235b0337be48fab4d86856,True,1.3,1.3,1.3,0.0,True,True,True,,False,,multilevel.scorers.misr.verify_certificate,delta_45_matrix,
63,passed,replacement_24h_20260711,passed_fresh_exact_verify,misr,misr/triangle_free_rect/symmetry_crossover_hillclimb/exact_lp_gap_pressure,misr/triangle_free_rect/symmetry_crossover_hillclimb/exact_lp_gap_pressure/budget86400/git6f80dfec1a16,misr_certificate_v1,/private/tmp/patternboost_hybrid81/new42/misr/triangle_free_rect/symmetry_crossover_hillclimb/exact_lp_gap_pressure/certificates/best_iter000005_19ffb4dba9d7.json,/tmp/patternboost_hybrid81/new42,True,19ffb4dba9d787fcceb06e0aad1db452884cec085c454e4acb9f66f99c230929,19ffb4dba9d787fcceb06e0aad1db452884cec085c454e4acb9f66f99c230929,19ffb4dba9d787fcceb06e0aad1db452884cec085c454e4acb9f66f99c230929,True,1.2,1.2,1.2,0.0,True,True,True,,False,,multilevel.scorers.misr.verify_certificate,delta_45_matrix,
64,passed,replacement_24h_20260711,passed_fresh_exact_verify,misr,misr/triangle_free_rect/symmetry_crossover_hillclimb/graph_conflict_proxy,misr/triangle_free_rect/symmetry_crossover_hillclimb/graph_conflict_proxy/budget86400/git6f80dfec1a16,misr_certificate_v1,/private/tmp/patternboost_hybrid81/new42/misr/triangle_free_rect/symmetry_crossover_hillclimb/graph_conflict_proxy/certificates/best_iter000005_d6c84703047c.json,/tmp/patternboost_hybrid81/new42,True,d6c84703047c8705a1698233c6b49ff636ca8824ee9cf43b4b617d04ab5dc0b3,d6c84703047c8705a1698233c6b49ff636ca8824ee9cf43b4b617d04ab5dc0b3,d6c84703047c8705a1698233c6b49ff636ca8824ee9cf43b4b617d04ab5dc0b3,True,1.2,1.2,1.2,0.0,True,True,True,,False,,multilevel.scorers.misr.verify_certificate,delta_45_matrix,
65,passed,replacement_24h_20260711,passed_fresh_exact_verify,misr,misr/triangle_free_rect/symmetry_crossover_hillclimb/triangle_free_exact_gap_pressure,misr/triangle_free_rect/symmetry_crossover_hillclimb/triangle_free_exact_gap_pressure/budget86400/git6f80dfec1a16,misr_certificate_v1,/private/tmp/patternboost_hybrid81/new42/misr/triangle_free_rect/symmetry_crossover_hillclimb/triangle_free_exact_gap_pressure/certificates/best_iter000005_54b2b345bb72.json,/tmp/patternboost_hybrid81/new42,True,54b2b345bb72503463061b5455b36b65bf9efeba3f7cf0618e4ef5cda86feafb,54b2b345bb72503463061b5455b36b65bf9efeba3f7cf0618e4ef5cda86feafb,54b2b345bb72503463061b5455b36b65bf9efeba3f7cf0618e4ef5cda86feafb,True,1.2,1.2,1.2,0.0,True,True,True,,False,,multilevel.scorers.misr.verify_certificate,delta_45_matrix,
66,passed,replacement_24h_20260711,passed_fresh_exact_verify,unit_square,unit_square/fixed_symmetry_grid/coord_mutation/exact_stab_gap_pressure,unit_square/fixed_symmetry_grid/coord_mutation/exact_stab_gap_pressure/budget86400/git6f80dfec1a16,unit_square_stab_certificate_v1,/private/tmp/patternboost_hybrid81/new42/unit_square/fixed_symmetry_grid/coord_mutation/exact_stab_gap_pressure/certificates/best_iter015935_d455b12c4d8e.json,/tmp/patternboost_hybrid81/new42,True,d455b12c4d8ee3a57f51f5e800e4a42e8919b237124fa7e4b25e3a3b0a365ee9,d455b12c4d8ee3a57f51f5e800e4a42e8919b237124fa7e4b25e3a3b0a365ee9,d455b12c4d8ee3a57f51f5e800e4a42e8919b237124fa7e4b25e3a3b0a365ee9,True,1.5,1.5,1.5,0.0,True,True,True,,False,,multilevel.scorers.unit_square.verify_certificate,delta_45_matrix,
67,passed,replacement_24h_20260711,passed_fresh_exact_verify,unit_square,unit_square/fixed_symmetry_grid/coord_mutation/greedy_partial_lp_bitset,unit_square/fixed_symmetry_grid/coord_mutation/greedy_partial_lp_bitset/budget86400/git6f80dfec1a16,unit_square_stab_certificate_v1,/private/tmp/patternboost_hybrid81/new42/unit_square/fixed_symmetry_grid/coord_mutation/greedy_partial_lp_bitset/certificates/best_iter028500_30b0e2b9238a.json,/tmp/patternboost_hybrid81/new42,True,30b0e2b9238a4b310332fd66b06b3ee22e676a0aedfd7d81cbd302b9df266815,30b0e2b9238a4b310332fd66b06b3ee22e676a0aedfd7d81cbd302b9df266815,30b0e2b9238a4b310332fd66b06b3ee22e676a0aedfd7d81cbd302b9df266815,True,1.3043478260869565,1.3043478260869565,1.3043478260869565,0.0,True,True,True,,False,,multilevel.scorers.unit_square.verify_certificate,delta_45_matrix,
68,passed,replacement_24h_20260711,passed_fresh_exact_verify,unit_square,unit_square/fixed_symmetry_grid/coord_mutation/incidence_statistics,unit_square/fixed_symmetry_grid/coord_mutation/incidence_statistics/budget86400/git6f80dfec1a16,unit_square_stab_certificate_v1,/private/tmp/patternboost_hybrid81/new42/unit_square/fixed_symmetry_grid/coord_mutation/incidence_statistics/certificates/best_iter000835_29e9b4a21d84.json,/tmp/patternboost_hybrid81/new42,True,29e9b4a21d8494da01730bb7d361d260f3155c1700e083b95b1db412dc53495a,29e9b4a21d8494da01730bb7d361d260f3155c1700e083b95b1db412dc53495a,29e9b4a21d8494da01730bb7d361d260f3155c1700e083b95b1db412dc53495a,True,1.2765957446808507,1.2765957446808507,1.2765957446808507,0.0,True,True,True,,False,,multilevel.scorers.unit_square.verify_certificate,delta_45_matrix,
69,passed,replacement_24h_20260711,passed_fresh_exact_verify,unit_square,unit_square/fixed_symmetry_grid/sqstab_local_hillclimb/exact_stab_gap_pressure,unit_square/fixed_symmetry_grid/sqstab_local_hillclimb/exact_stab_gap_pressure/budget86400/git6f80dfec1a16,unit_square_stab_certificate_v1,/private/tmp/patternboost_hybrid81/new42/unit_square/fixed_symmetry_grid/sqstab_local_hillclimb/exact_stab_gap_pressure/certificates/best_iter008245_06bed4bc4150.json,/tmp/patternboost_hybrid81/new42,True,06bed4bc4150ae1984a1bbabaabd0b90495f5fc4484d550cfb467c8528059628,06bed4bc4150ae1984a1bbabaabd0b90495f5fc4484d550cfb467c8528059628,06bed4bc4150ae1984a1bbabaabd0b90495f5fc4484d550cfb467c8528059628,True,1.3636363636363638,1.3636363636363638,1.3636363636363638,0.0,True,True,True,,False,,multilevel.scorers.unit_square.verify_certificate,delta_45_matrix,
70,passed,replacement_24h_20260711,passed_fresh_exact_verify,unit_square,unit_square/fixed_symmetry_grid/sqstab_local_hillclimb/greedy_partial_lp_bitset,unit_square/fixed_symmetry_grid/sqstab_local_hillclimb/greedy_partial_lp_bitset/budget86400/git6f80dfec1a16,unit_square_stab_certificate_v1,/private/tmp/patternboost_hybrid81/new42/unit_square/fixed_symmetry_grid/sqstab_local_hillclimb/greedy_partial_lp_bitset/certificates/best_iter008180_ef1ce3164693.json,/tmp/patternboost_hybrid81/new42,True,ef1ce31646936c83bda964a8f0cfa9ce6da9aaecaa2ebf68df15af516147e117,ef1ce31646936c83bda964a8f0cfa9ce6da9aaecaa2ebf68df15af516147e117,ef1ce31646936c83bda964a8f0cfa9ce6da9aaecaa2ebf68df15af516147e117,True,1.3333333333333333,1.3333333333333333,1.3333333333333333,0.0,True,True,True,,False,,multilevel.scorers.unit_square.verify_certificate,delta_45_matrix,
71,passed,replacement_24h_20260711,passed_fresh_exact_verify,unit_square,unit_square/fixed_symmetry_grid/sqstab_local_hillclimb/incidence_statistics,unit_square/fixed_symmetry_grid/sqstab_local_hillclimb/incidence_statistics/budget86400/git6f80dfec1a16,unit_square_stab_certificate_v1,/private/tmp/patternboost_hybrid81/new42/unit_square/fixed_symmetry_grid/sqstab_local_hillclimb/incidence_statistics/certificates/best_iter008280_c1a120140649.json,/tmp/patternboost_hybrid81/new42,True,c1a120140649ff880b2c1683365765528e2fba6b67544c34c534c217606273ba,c1a120140649ff880b2c1683365765528e2fba6b67544c34c534c217606273ba,c1a120140649ff880b2c1683365765528e2fba6b67544c34c534c217606273ba,True,1.2857142857142858,1.2857142857142858,1.2857142857142858,0.0,True,True,True,,False,,multilevel.scorers.unit_square.verify_certificate,delta_45_matrix,
72,passed,replacement_24h_20260711,passed_fresh_exact_verify,unit_square,unit_square/fixed_symmetry_grid/symmetry_crossover_hillclimb/exact_stab_gap_pressure,unit_square/fixed_symmetry_grid/symmetry_crossover_hillclimb/exact_stab_gap_pressure/budget86400/git6f80dfec1a16,unit_square_stab_certificate_v1,/private/tmp/patternboost_hybrid81/new42/unit_square/fixed_symmetry_grid/symmetry_crossover_hillclimb/exact_stab_gap_pressure/certificates/best_iter002110_ba49082083f3.json,/tmp/patternboost_hybrid81/new42,True,ba49082083f34a7f29d89d56b5eccffba535cd25d662c74885f7d090a90da7d2,ba49082083f34a7f29d89d56b5eccffba535cd25d662c74885f7d090a90da7d2,ba49082083f34a7f29d89d56b5eccffba535cd25d662c74885f7d090a90da7d2,True,1.5000000000000004,1.5000000000000004,1.5000000000000004,0.0,True,True,True,,False,,multilevel.scorers.unit_square.verify_certificate,delta_45_matrix,
73,passed,replacement_24h_20260711,passed_fresh_exact_verify,unit_square,unit_square/fixed_symmetry_grid/symmetry_crossover_hillclimb/greedy_partial_lp_bitset,unit_square/fixed_symmetry_grid/symmetry_crossover_hillclimb/greedy_partial_lp_bitset/budget86400/git6f80dfec1a16,unit_square_stab_certificate_v1,/private/tmp/patternboost_hybrid81/new42/unit_square/fixed_symmetry_grid/symmetry_crossover_hillclimb/greedy_partial_lp_bitset/certificates/best_iter002580_c22eba2e0755.json,/tmp/patternboost_hybrid81/new42,True,c22eba2e07558fb80c603551b12509044ee4e0c36ea8cdbff365e09ef6a30ab7,c22eba2e07558fb80c603551b12509044ee4e0c36ea8cdbff365e09ef6a30ab7,c22eba2e07558fb80c603551b12509044ee4e0c36ea8cdbff365e09ef6a30ab7,True,1.5000000000000002,1.5000000000000002,1.5000000000000002,0.0,True,True,True,,False,,multilevel.scorers.unit_square.verify_certificate,delta_45_matrix,
74,passed,replacement_24h_20260711,passed_fresh_exact_verify,unit_square,unit_square/fixed_symmetry_grid/symmetry_crossover_hillclimb/incidence_statistics,unit_square/fixed_symmetry_grid/symmetry_crossover_hillclimb/incidence_statistics/budget86400/git6f80dfec1a16,unit_square_stab_certificate_v1,/private/tmp/patternboost_hybrid81/new42/unit_square/fixed_symmetry_grid/symmetry_crossover_hillclimb/incidence_statistics/certificates/best_iter000615_849411c880ae.json,/tmp/patternboost_hybrid81/new42,True,849411c880ae5a84abfd0db08840426824c818082e0af6c0e9b83642d2ccd04b,849411c880ae5a84abfd0db08840426824c818082e0af6c0e9b83642d2ccd04b,849411c880ae5a84abfd0db08840426824c818082e0af6c0e9b83642d2ccd04b,True,1.5000000000000004,1.5000000000000004,1.5000000000000004,0.0,True,True,True,,False,,multilevel.scorers.unit_square.verify_certificate,delta_45_matrix,
75,passed,replacement_24h_20260711,passed_fresh_exact_verify,unit_square,unit_square/line_square_incidence/symmetry_crossover_hillclimb/exact_stab_gap_pressure,unit_square/line_square_incidence/symmetry_crossover_hillclimb/exact_stab_gap_pressure/budget86400/git6f80dfec1a16,unit_square_stab_certificate_v1,/private/tmp/patternboost_hybrid81/new42/unit_square/line_square_incidence/symmetry_crossover_hillclimb/exact_stab_gap_pressure/certificates/best_iter001440_5e0cdd3fd117.json,/tmp/patternboost_hybrid81/new42,True,5e0cdd3fd11757f246b6a2f620232e8ff0fe78e7b920c038cf8abfcd3d584f2f,5e0cdd3fd11757f246b6a2f620232e8ff0fe78e7b920c038cf8abfcd3d584f2f,5e0cdd3fd11757f246b6a2f620232e8ff0fe78e7b920c038cf8abfcd3d584f2f,True,1.4643545279383436,1.4643545279383436,1.4643545279383436,0.0,True,True,True,,False,,multilevel.scorers.unit_square.verify_certificate,delta_45_matrix,
76,passed,replacement_24h_20260711,passed_fresh_exact_verify,unit_square,unit_square/line_square_incidence/symmetry_crossover_hillclimb/greedy_partial_lp_bitset,unit_square/line_square_incidence/symmetry_crossover_hillclimb/greedy_partial_lp_bitset/budget86400/git6f80dfec1a16,unit_square_stab_certificate_v1,/private/tmp/patternboost_hybrid81/new42/unit_square/line_square_incidence/symmetry_crossover_hillclimb/greedy_partial_lp_bitset/certificates/best_iter000680_b2ad9a87c866.json,/tmp/patternboost_hybrid81/new42,True,b2ad9a87c866e485b1bf1ff917a322ee4e1aef535d1b278f0462310062ce19e4,b2ad9a87c866e485b1bf1ff917a322ee4e1aef535d1b278f0462310062ce19e4,b2ad9a87c866e485b1bf1ff917a322ee4e1aef535d1b278f0462310062ce19e4,True,1.4141414141414144,1.4141414141414144,1.4141414141414144,0.0,True,True,True,,False,,multilevel.scorers.unit_square.verify_certificate,delta_45_matrix,
77,passed,replacement_24h_20260711,passed_fresh_exact_verify,unit_square,unit_square/line_square_incidence/symmetry_crossover_hillclimb/incidence_statistics,unit_square/line_square_incidence/symmetry_crossover_hillclimb/incidence_statistics/budget86400/git6f80dfec1a16,unit_square_stab_certificate_v1,/private/tmp/patternboost_hybrid81/new42/unit_square/line_square_incidence/symmetry_crossover_hillclimb/incidence_statistics/certificates/best_iter002060_13b2794891b4.json,/tmp/patternboost_hybrid81/new42,True,13b2794891b487e7284c575699787f7f75d5279f879725110161c1c67d635daf,13b2794891b487e7284c575699787f7f75d5279f879725110161c1c67d635daf,13b2794891b487e7284c575699787f7f75d5279f879725110161c1c67d635daf,True,1.4268292682926833,1.4268292682926833,1.4268292682926833,0.0,True,True,True,,False,,multilevel.scorers.unit_square.verify_certificate,delta_45_matrix,
78,passed,replacement_24h_20260711,passed_fresh_exact_verify,unit_square,unit_square/sqstab_exact_grid/symmetry_crossover_hillclimb/exact_stab_gap_pressure,unit_square/sqstab_exact_grid/symmetry_crossover_hillclimb/exact_stab_gap_pressure/budget86400/git87326f25dbec,unit_square_stab_certificate_v1,/private/tmp/patternboost_hybrid81/new3/unit_square/sqstab_exact_grid/symmetry_crossover_hillclimb/exact_stab_gap_pressure/certificates/best_iter000190_9c9815504d50.json,/tmp/patternboost_hybrid81/new3,True,9c9815504d503b59c305f23a1da2bc91728659d4b00bf6b2454ec04914196e1c,9c9815504d503b59c305f23a1da2bc91728659d4b00bf6b2454ec04914196e1c,9c9815504d503b59c305f23a1da2bc91728659d4b00bf6b2454ec04914196e1c,True,1.538461538461539,1.538461538461539,1.538461538461539,0.0,True,True,True,,False,,multilevel.scorers.unit_square.verify_certificate,delta_45_matrix,
79,passed,replacement_24h_20260711,passed_fresh_exact_verify,unit_square,unit_square/sqstab_exact_grid/symmetry_crossover_hillclimb/greedy_partial_lp_bitset,unit_square/sqstab_exact_grid/symmetry_crossover_hillclimb/greedy_partial_lp_bitset/budget86400/git87326f25dbec,unit_square_stab_certificate_v1,/private/tmp/patternboost_hybrid81/new3/unit_square/sqstab_exact_grid/symmetry_crossover_hillclimb/greedy_partial_lp_bitset/certificates/best_iter000960_7e969b197b3b.json,/tmp/patternboost_hybrid81/new3,True,7e969b197b3b44d8db5721fda2302da887284922fe039ad65551700230201317,7e969b197b3b44d8db5721fda2302da887284922fe039ad65551700230201317,7e969b197b3b44d8db5721fda2302da887284922fe039ad65551700230201317,True,1.5000000000000004,1.5000000000000004,1.5000000000000004,0.0,True,True,True,,False,,multilevel.scorers.unit_square.verify_certificate,delta_45_matrix,
80,passed,replacement_24h_20260711,passed_fresh_exact_verify,unit_square,unit_square/sqstab_exact_grid/symmetry_crossover_hillclimb/incidence_statistics,unit_square/sqstab_exact_grid/symmetry_crossover_hillclimb/incidence_statistics/budget86400/git87326f25dbec,unit_square_stab_certificate_v1,/private/tmp/patternboost_hybrid81/new3/unit_square/sqstab_exact_grid/symmetry_crossover_hillclimb/incidence_statistics/certificates/best_iter001150_ce9bd0c1ab3e.json,/tmp/patternboost_hybrid81/new3,True,ce9bd0c1ab3e357af309162528185f1f4c1a04b0763ac4e6a11889e45868658d,ce9bd0c1ab3e357af309162528185f1f4c1a04b0763ac4e6a11889e45868658d,ce9bd0c1ab3e357af309162528185f1f4c1a04b0763ac4e6a11889e45868658d,True,1.4406779661016949,1.4406779661016949,1.4406779661016949,0.0,True,True,True,,False,,multilevel.scorers.unit_square.verify_certificate,delta_45_matrix,
