run_id,stage,problem,representation,local_search,surrogate,control_mode,rng_seed,budget_seconds,iterations,completed_iterations,stop_reason,best_exact_score,time_to_best,best_certificate_path,best_rendering_path,best_certificate_hash,num_exact_calls,num_exact_timeouts,num_invalid_samples,num_repaired_samples,num_duplicates,num_model_train_calls,num_model_samples,num_model_samples_valid,effective_train_every,effective_model_samples,effective_local_search,num_exports,event_stream,checkpoint_path,checkpoint_every,resumed_from_checkpoint,elapsed_seconds,return_code,summary_path
guillotine/rect_direct_disjoint/packing_resize/depth_limited_dp/budget21600/git8dd31ca1c888,main,guillotine,rect_direct_disjoint,packing_resize,depth_limited_dp,patternboost,1106145961219683778,21600,100000,5476,budget_exhausted,,,,,,6576,0,0,10978,49143,626,10016,9991,7,16,packing_resize,0,runs/final_submission_20260708_131302/main_results/main/guillotine/rect_direct_disjoint/packing_resize/depth_limited_dp/events.jsonl,runs/final_submission_20260708_131302/main_results/main/guillotine/rect_direct_disjoint/packing_resize/depth_limited_dp/checkpoint.json,1,False,21610.56915602833,0,runs/final_submission_20260708_131302/main_results/main/guillotine/rect_direct_disjoint/packing_resize/depth_limited_dp/summary.json
guillotine/rect_direct_disjoint/packing_resize/first_cut_obstruction/budget21600/git8dd31ca1c888,main,guillotine,rect_direct_disjoint,packing_resize,first_cut_obstruction,patternboost,8201453555106437893,21600,100000,5911,budget_exhausted,,,,,,7098,0,0,12029,51570,676,10816,10816,7,16,packing_resize,0,runs/final_submission_20260708_131302/main_results/main/guillotine/rect_direct_disjoint/packing_resize/first_cut_obstruction/events.jsonl,runs/final_submission_20260708_131302/main_results/main/guillotine/rect_direct_disjoint/packing_resize/first_cut_obstruction/checkpoint.json,1,False,21608.69964211434,0,runs/final_submission_20260708_131302/main_results/main/guillotine/rect_direct_disjoint/packing_resize/first_cut_obstruction/summary.json
guillotine/rect_direct_disjoint/packing_resize/k_subset_nonseparability/budget21600/git8dd31ca1c888,main,guillotine,rect_direct_disjoint,packing_resize,k_subset_nonseparability,patternboost,6172539235777350709,21600,100000,5230,budget_exhausted,,,,,,6276,0,0,10553,46521,598,9568,9554,7,16,packing_resize,0,runs/final_submission_20260708_131302/main_results/main/guillotine/rect_direct_disjoint/packing_resize/k_subset_nonseparability/events.jsonl,runs/final_submission_20260708_131302/main_results/main/guillotine/rect_direct_disjoint/packing_resize/k_subset_nonseparability/checkpoint.json,1,False,21614.598048955202,0,runs/final_submission_20260708_131302/main_results/main/guillotine/rect_direct_disjoint/packing_resize/k_subset_nonseparability/summary.json
guillotine/rect_direct_disjoint/recursive_gadget_assembly/depth_limited_dp/budget21600/git8dd31ca1c888,main,guillotine,rect_direct_disjoint,recursive_gadget_assembly,depth_limited_dp,patternboost,3243339693339108451,21600,100000,3198,budget_exhausted,0.25,11583.440495155752,runs/final_submission_20260708_131302/main_results/main/guillotine/rect_direct_disjoint/recursive_gadget_assembly/depth_limited_dp/certificates/best_iter001905_cafee06cf67a.json,runs/final_submission_20260708_131302/main_results/main/guillotine/rect_direct_disjoint/recursive_gadget_assembly/depth_limited_dp/renderings/best_iter001905_cafee06cf67a.svg,cafee06cf67a83b6ec8eff27e3e7b1dfbbd6ba155441ae880b936b2c3a706b13,3840,0,0,6399,24668,381,6096,6077,7,16,recursive_gadget_assembly,3,runs/final_submission_20260708_131302/main_results/main/guillotine/rect_direct_disjoint/recursive_gadget_assembly/depth_limited_dp/events.jsonl,runs/final_submission_20260708_131302/main_results/main/guillotine/rect_direct_disjoint/recursive_gadget_assembly/depth_limited_dp/checkpoint.json,1,False,21605.16713653505,0,runs/final_submission_20260708_131302/main_results/main/guillotine/rect_direct_disjoint/recursive_gadget_assembly/depth_limited_dp/summary.json
guillotine/rect_direct_disjoint/recursive_gadget_assembly/first_cut_obstruction/budget21600/git8dd31ca1c888,main,guillotine,rect_direct_disjoint,recursive_gadget_assembly,first_cut_obstruction,patternboost,6747761690760629212,21600,100000,5016,budget_exhausted,0.18181818181818182,9605.973454214633,runs/final_submission_20260708_131302/main_results/main/guillotine/rect_direct_disjoint/recursive_gadget_assembly/first_cut_obstruction/certificates/best_iter003020_86f4e7a3a292.json,runs/final_submission_20260708_131302/main_results/main/guillotine/rect_direct_disjoint/recursive_gadget_assembly/first_cut_obstruction/renderings/best_iter003020_86f4e7a3a292.svg,86f4e7a3a292ea566df19e0712042bcc91ba46773ea4d589bfa2c937e35f01d4,6024,0,0,10592,40392,613,9808,9808,7,16,recursive_gadget_assembly,5,runs/final_submission_20260708_131302/main_results/main/guillotine/rect_direct_disjoint/recursive_gadget_assembly/first_cut_obstruction/events.jsonl,runs/final_submission_20260708_131302/main_results/main/guillotine/rect_direct_disjoint/recursive_gadget_assembly/first_cut_obstruction/checkpoint.json,1,False,21606.095224827528,0,runs/final_submission_20260708_131302/main_results/main/guillotine/rect_direct_disjoint/recursive_gadget_assembly/first_cut_obstruction/summary.json
guillotine/rect_direct_disjoint/recursive_gadget_assembly/k_subset_nonseparability/budget21600/git8dd31ca1c888,main,guillotine,rect_direct_disjoint,recursive_gadget_assembly,k_subset_nonseparability,patternboost,7231821414934493634,21600,100000,956,budget_exhausted,0.125,12626.426558114588,runs/final_submission_20260708_131302/main_results/main/guillotine/rect_direct_disjoint/recursive_gadget_assembly/k_subset_nonseparability/certificates/best_iter000640_58514687b163.json,runs/final_submission_20260708_131302/main_results/main/guillotine/rect_direct_disjoint/recursive_gadget_assembly/k_subset_nonseparability/renderings/best_iter000640_58514687b163.svg,58514687b163df8a9196bc6cd0601a7851b6eb5cf1bf9dddc45f4eccb845a01d,1152,0,0,1934,7811,130,2080,1821,7,16,recursive_gadget_assembly,6,runs/final_submission_20260708_131302/main_results/main/guillotine/rect_direct_disjoint/recursive_gadget_assembly/k_subset_nonseparability/events.jsonl,runs/final_submission_20260708_131302/main_results/main/guillotine/rect_direct_disjoint/recursive_gadget_assembly/k_subset_nonseparability/checkpoint.json,1,False,21619.329672530293,0,runs/final_submission_20260708_131302/main_results/main/guillotine/rect_direct_disjoint/recursive_gadget_assembly/k_subset_nonseparability/summary.json
guillotine/rect_direct_disjoint/witness_breaking/depth_limited_dp/budget21600/git8dd31ca1c888,main,guillotine,rect_direct_disjoint,witness_breaking,depth_limited_dp,patternboost,1358166537286751226,21600,100000,1656,budget_exhausted,0.25,17791.18533206731,runs/final_submission_20260708_131302/main_results/main/guillotine/rect_direct_disjoint/witness_breaking/depth_limited_dp/certificates/best_iter001345_1614be0d4ec7.json,runs/final_submission_20260708_131302/main_results/main/guillotine/rect_direct_disjoint/witness_breaking/depth_limited_dp/renderings/best_iter001345_1614be0d4ec7.svg,1614be0d4ec7aa0ff012970033f80788d25becf3013fe77cf4d88bf1788b8b00,1992,0,0,3304,8953,193,3088,3013,7,16,witness_breaking,6,runs/final_submission_20260708_131302/main_results/main/guillotine/rect_direct_disjoint/witness_breaking/depth_limited_dp/events.jsonl,runs/final_submission_20260708_131302/main_results/main/guillotine/rect_direct_disjoint/witness_breaking/depth_limited_dp/checkpoint.json,1,False,21604.62141890824,0,runs/final_submission_20260708_131302/main_results/main/guillotine/rect_direct_disjoint/witness_breaking/depth_limited_dp/summary.json
guillotine/rect_direct_disjoint/witness_breaking/first_cut_obstruction/budget21600/git8dd31ca1c888,main,guillotine,rect_direct_disjoint,witness_breaking,first_cut_obstruction,patternboost,3883218180742373591,21600,100000,3660,budget_exhausted,0.08333333333333333,5893.4165407940745,runs/final_submission_20260708_131302/main_results/main/guillotine/rect_direct_disjoint/witness_breaking/first_cut_obstruction/certificates/best_iter001365_3d48857d384d.json,runs/final_submission_20260708_131302/main_results/main/guillotine/rect_direct_disjoint/witness_breaking/first_cut_obstruction/renderings/best_iter001365_3d48857d384d.svg,3d48857d384d61250aa5b3722a24ec8aaf791e5b34a40648bfd90ca59f438f0c,4392,0,0,7467,18332,419,6704,6704,7,16,witness_breaking,1,runs/final_submission_20260708_131302/main_results/main/guillotine/rect_direct_disjoint/witness_breaking/first_cut_obstruction/events.jsonl,runs/final_submission_20260708_131302/main_results/main/guillotine/rect_direct_disjoint/witness_breaking/first_cut_obstruction/checkpoint.json,1,False,21607.46355459094,0,runs/final_submission_20260708_131302/main_results/main/guillotine/rect_direct_disjoint/witness_breaking/first_cut_obstruction/summary.json
guillotine/rect_direct_disjoint/witness_breaking/k_subset_nonseparability/budget21600/git8dd31ca1c888,main,guillotine,rect_direct_disjoint,witness_breaking,k_subset_nonseparability,patternboost,1558804002688882461,21600,100000,569,budget_exhausted,0.125,9909.041286975145,runs/final_submission_20260708_131302/main_results/main/guillotine/rect_direct_disjoint/witness_breaking/k_subset_nonseparability/certificates/best_iter000295_ce3f0f58b3a0.json,runs/final_submission_20260708_131302/main_results/main/guillotine/rect_direct_disjoint/witness_breaking/k_subset_nonseparability/renderings/best_iter000295_ce3f0f58b3a0.svg,ce3f0f58b3a0e43faf73eae2542bbdc0d053b4df6ea5725f3939d84bf8d68e72,684,0,0,1098,3287,75,1200,1018,7,16,witness_breaking,2,runs/final_submission_20260708_131302/main_results/main/guillotine/rect_direct_disjoint/witness_breaking/k_subset_nonseparability/events.jsonl,runs/final_submission_20260708_131302/main_results/main/guillotine/rect_direct_disjoint/witness_breaking/k_subset_nonseparability/checkpoint.json,1,False,21610.006467930973,0,runs/final_submission_20260708_131302/main_results/main/guillotine/rect_direct_disjoint/witness_breaking/k_subset_nonseparability/summary.json
guillotine/recursive_obstruction_grammar/packing_resize/depth_limited_dp/budget21600/git8dd31ca1c888,main,guillotine,recursive_obstruction_grammar,packing_resize,depth_limited_dp,patternboost,7236545575060313662,21600,100000,1991,budget_exhausted,0.25,10.130011528730392,runs/final_submission_20260708_131302/main_results/main/guillotine/recursive_obstruction_grammar/packing_resize/depth_limited_dp/certificates/best_iter000000_0c1e3b671859.json,runs/final_submission_20260708_131302/main_results/main/guillotine/recursive_obstruction_grammar/packing_resize/depth_limited_dp/renderings/best_iter000000_0c1e3b671859.svg,0c1e3b671859768a48f27ece16b4367845c663aaad2777cba8412ea5e32dd969,2394,0,0,4021,12008,259,4144,4022,7,16,packing_resize,1,runs/final_submission_20260708_131302/main_results/main/guillotine/recursive_obstruction_grammar/packing_resize/depth_limited_dp/events.jsonl,runs/final_submission_20260708_131302/main_results/main/guillotine/recursive_obstruction_grammar/packing_resize/depth_limited_dp/checkpoint.json,1,False,21607.28905776143,0,runs/final_submission_20260708_131302/main_results/main/guillotine/recursive_obstruction_grammar/packing_resize/depth_limited_dp/summary.json
guillotine/recursive_obstruction_grammar/packing_resize/first_cut_obstruction/budget21600/git8dd31ca1c888,main,guillotine,recursive_obstruction_grammar,packing_resize,first_cut_obstruction,patternboost,3773172299977488475,21600,100000,3865,budget_exhausted,0.25,10.100174508988857,runs/final_submission_20260708_131302/main_results/main/guillotine/recursive_obstruction_grammar/packing_resize/first_cut_obstruction/certificates/best_iter000000_e3cb2b358260.json,runs/final_submission_20260708_131302/main_results/main/guillotine/recursive_obstruction_grammar/packing_resize/first_cut_obstruction/renderings/best_iter000000_e3cb2b358260.svg,e3cb2b35826051356ebba1f04d6778d9768a688729e00320d40437de5dad5eb1,4638,0,0,7250,22320,460,7360,7250,7,16,packing_resize,1,runs/final_submission_20260708_131302/main_results/main/guillotine/recursive_obstruction_grammar/packing_resize/first_cut_obstruction/events.jsonl,runs/final_submission_20260708_131302/main_results/main/guillotine/recursive_obstruction_grammar/packing_resize/first_cut_obstruction/checkpoint.json,1,False,21604.330255903304,0,runs/final_submission_20260708_131302/main_results/main/guillotine/recursive_obstruction_grammar/packing_resize/first_cut_obstruction/summary.json
guillotine/recursive_obstruction_grammar/packing_resize/k_subset_nonseparability/budget21600/git8dd31ca1c888,main,guillotine,recursive_obstruction_grammar,packing_resize,k_subset_nonseparability,patternboost,2639416383388898980,21600,100000,609,budget_exhausted,0.25,10.125492721796036,runs/final_submission_20260708_131302/main_results/main/guillotine/recursive_obstruction_grammar/packing_resize/k_subset_nonseparability/certificates/best_iter000000_205b23b0bb9a.json,runs/final_submission_20260708_131302/main_results/main/guillotine/recursive_obstruction_grammar/packing_resize/k_subset_nonseparability/renderings/best_iter000000_205b23b0bb9a.svg,205b23b0bb9a631dabccb2f330d14759f6dbf7faa3097a17839066dc5782c9aa,732,0,0,1063,3729,83,1328,1063,7,16,packing_resize,1,runs/final_submission_20260708_131302/main_results/main/guillotine/recursive_obstruction_grammar/packing_resize/k_subset_nonseparability/events.jsonl,runs/final_submission_20260708_131302/main_results/main/guillotine/recursive_obstruction_grammar/packing_resize/k_subset_nonseparability/checkpoint.json,1,False,21637.42190618813,0,runs/final_submission_20260708_131302/main_results/main/guillotine/recursive_obstruction_grammar/packing_resize/k_subset_nonseparability/summary.json
guillotine/recursive_obstruction_grammar/recursive_gadget_assembly/depth_limited_dp/budget21600/git8dd31ca1c888,main,guillotine,recursive_obstruction_grammar,recursive_gadget_assembly,depth_limited_dp,patternboost,2835599428249202819,21600,100000,1564,budget_exhausted,0.25,9.980419963598251,runs/final_submission_20260708_131302/main_results/main/guillotine/recursive_obstruction_grammar/recursive_gadget_assembly/depth_limited_dp/certificates/best_iter000000_4486d67e054d.json,runs/final_submission_20260708_131302/main_results/main/guillotine/recursive_obstruction_grammar/recursive_gadget_assembly/depth_limited_dp/renderings/best_iter000000_4486d67e054d.svg,4486d67e054d6325bc857925b0ff2cda7d1ae92172da16b6ece3fac306436590,1878,0,0,3256,9418,206,3296,3256,7,16,recursive_gadget_assembly,1,runs/final_submission_20260708_131302/main_results/main/guillotine/recursive_obstruction_grammar/recursive_gadget_assembly/depth_limited_dp/events.jsonl,runs/final_submission_20260708_131302/main_results/main/guillotine/recursive_obstruction_grammar/recursive_gadget_assembly/depth_limited_dp/checkpoint.json,1,False,21610.56516198069,0,runs/final_submission_20260708_131302/main_results/main/guillotine/recursive_obstruction_grammar/recursive_gadget_assembly/depth_limited_dp/summary.json
guillotine/recursive_obstruction_grammar/recursive_gadget_assembly/first_cut_obstruction/budget21600/git8dd31ca1c888,main,guillotine,recursive_obstruction_grammar,recursive_gadget_assembly,first_cut_obstruction,patternboost,8690874564587766323,21600,100000,3496,budget_exhausted,0.25,10.011880323290825,runs/final_submission_20260708_131302/main_results/main/guillotine/recursive_obstruction_grammar/recursive_gadget_assembly/first_cut_obstruction/certificates/best_iter000000_9915248eaafd.json,runs/final_submission_20260708_131302/main_results/main/guillotine/recursive_obstruction_grammar/recursive_gadget_assembly/first_cut_obstruction/renderings/best_iter000000_9915248eaafd.svg,9915248eaafd532c4cc963c938dc1f6ed429af26ff1f9108a129b677ab413708,4200,0,0,6902,19914,441,7056,6902,7,16,recursive_gadget_assembly,1,runs/final_submission_20260708_131302/main_results/main/guillotine/recursive_obstruction_grammar/recursive_gadget_assembly/first_cut_obstruction/events.jsonl,runs/final_submission_20260708_131302/main_results/main/guillotine/recursive_obstruction_grammar/recursive_gadget_assembly/first_cut_obstruction/checkpoint.json,1,False,21612.344040840864,0,runs/final_submission_20260708_131302/main_results/main/guillotine/recursive_obstruction_grammar/recursive_gadget_assembly/first_cut_obstruction/summary.json
guillotine/recursive_obstruction_grammar/recursive_gadget_assembly/k_subset_nonseparability/budget21600/git8dd31ca1c888,main,guillotine,recursive_obstruction_grammar,recursive_gadget_assembly,k_subset_nonseparability,patternboost,2250495428867755560,21600,100000,539,budget_exhausted,0.25,9.638202264904976,runs/final_submission_20260708_131302/main_results/main/guillotine/recursive_obstruction_grammar/recursive_gadget_assembly/k_subset_nonseparability/certificates/best_iter000000_e40054a9c476.json,runs/final_submission_20260708_131302/main_results/main/guillotine/recursive_obstruction_grammar/recursive_gadget_assembly/k_subset_nonseparability/renderings/best_iter000000_e40054a9c476.svg,e40054a9c4760503dd16ed350750430eb9f581eb8a5f449d01b24404cee2f27d,648,0,0,1001,3311,76,1216,1001,7,16,recursive_gadget_assembly,1,runs/final_submission_20260708_131302/main_results/main/guillotine/recursive_obstruction_grammar/recursive_gadget_assembly/k_subset_nonseparability/events.jsonl,runs/final_submission_20260708_131302/main_results/main/guillotine/recursive_obstruction_grammar/recursive_gadget_assembly/k_subset_nonseparability/checkpoint.json,1,False,21607.74956358224,0,runs/final_submission_20260708_131302/main_results/main/guillotine/recursive_obstruction_grammar/recursive_gadget_assembly/k_subset_nonseparability/summary.json
guillotine/recursive_obstruction_grammar/witness_breaking/depth_limited_dp/budget21600/git8dd31ca1c888,main,guillotine,recursive_obstruction_grammar,witness_breaking,depth_limited_dp,patternboost,4736129267973825636,21600,100000,1852,budget_exhausted,0.25,9.58474425971508,runs/final_submission_20260708_131302/main_results/main/guillotine/recursive_obstruction_grammar/witness_breaking/depth_limited_dp/certificates/best_iter000000_97082a9b9520.json,runs/final_submission_20260708_131302/main_results/main/guillotine/recursive_obstruction_grammar/witness_breaking/depth_limited_dp/renderings/best_iter000000_97082a9b9520.svg,97082a9b95205a5edd69257c841ae91cb023713123e15a068f1bbda6a71cbe6d,2226,0,0,3926,11825,250,4000,3926,7,16,witness_breaking,1,runs/final_submission_20260708_131302/main_results/main/guillotine/recursive_obstruction_grammar/witness_breaking/depth_limited_dp/events.jsonl,runs/final_submission_20260708_131302/main_results/main/guillotine/recursive_obstruction_grammar/witness_breaking/depth_limited_dp/checkpoint.json,1,False,21606.027435921133,0,runs/final_submission_20260708_131302/main_results/main/guillotine/recursive_obstruction_grammar/witness_breaking/depth_limited_dp/summary.json
guillotine/recursive_obstruction_grammar/witness_breaking/first_cut_obstruction/budget21600/git8dd31ca1c888,main,guillotine,recursive_obstruction_grammar,witness_breaking,first_cut_obstruction,patternboost,1523248791698219496,21600,100000,3795,budget_exhausted,0.25,9.584521502256393,runs/final_submission_20260708_131302/main_results/main/guillotine/recursive_obstruction_grammar/witness_breaking/first_cut_obstruction/certificates/best_iter000000_302da887a612.json,runs/final_submission_20260708_131302/main_results/main/guillotine/recursive_obstruction_grammar/witness_breaking/first_cut_obstruction/renderings/best_iter000000_302da887a612.svg,302da887a6123a41e3af93afd572945af04cd2b1ff8966a5f93389b7064723bb,4554,0,0,7861,23347,500,8000,7865,7,16,witness_breaking,1,runs/final_submission_20260708_131302/main_results/main/guillotine/recursive_obstruction_grammar/witness_breaking/first_cut_obstruction/events.jsonl,runs/final_submission_20260708_131302/main_results/main/guillotine/recursive_obstruction_grammar/witness_breaking/first_cut_obstruction/checkpoint.json,1,False,21607.360460557044,0,runs/final_submission_20260708_131302/main_results/main/guillotine/recursive_obstruction_grammar/witness_breaking/first_cut_obstruction/summary.json
guillotine/recursive_obstruction_grammar/witness_breaking/k_subset_nonseparability/budget21600/git8dd31ca1c888,main,guillotine,recursive_obstruction_grammar,witness_breaking,k_subset_nonseparability,patternboost,96343725333643367,21600,100000,517,budget_exhausted,0.25,9.58103645592928,runs/final_submission_20260708_131302/main_results/main/guillotine/recursive_obstruction_grammar/witness_breaking/k_subset_nonseparability/certificates/best_iter000000_bbfa56b3e3f7.json,runs/final_submission_20260708_131302/main_results/main/guillotine/recursive_obstruction_grammar/witness_breaking/k_subset_nonseparability/renderings/best_iter000000_bbfa56b3e3f7.svg,bbfa56b3e3f761244782b8ffa871c782edabc53cbac9f6c19ba8eb40a68f541a,624,0,0,941,3243,73,1168,941,7,16,witness_breaking,1,runs/final_submission_20260708_131302/main_results/main/guillotine/recursive_obstruction_grammar/witness_breaking/k_subset_nonseparability/events.jsonl,runs/final_submission_20260708_131302/main_results/main/guillotine/recursive_obstruction_grammar/witness_breaking/k_subset_nonseparability/checkpoint.json,1,False,21648.183662317693,0,runs/final_submission_20260708_131302/main_results/main/guillotine/recursive_obstruction_grammar/witness_breaking/k_subset_nonseparability/summary.json
guillotine/sequence_pair_packing/packing_resize/depth_limited_dp/budget21600/git8dd31ca1c888,main,guillotine,sequence_pair_packing,packing_resize,depth_limited_dp,patternboost,9195890311400673119,21600,100000,6306,budget_exhausted,,,,,,7572,0,0,8775,91686,720,11520,7482,7,16,packing_resize,0,runs/final_submission_20260708_131302/main_results/main/guillotine/sequence_pair_packing/packing_resize/depth_limited_dp/events.jsonl,runs/final_submission_20260708_131302/main_results/main/guillotine/sequence_pair_packing/packing_resize/depth_limited_dp/checkpoint.json,1,False,21608.964833065867,0,runs/final_submission_20260708_131302/main_results/main/guillotine/sequence_pair_packing/packing_resize/depth_limited_dp/summary.json
guillotine/sequence_pair_packing/packing_resize/first_cut_obstruction/budget21600/git8dd31ca1c888,main,guillotine,sequence_pair_packing,packing_resize,first_cut_obstruction,patternboost,407362391802545805,21600,100000,6873,budget_exhausted,,,,,,8250,0,0,11578,103826,785,12560,10172,7,16,packing_resize,0,runs/final_submission_20260708_131302/main_results/main/guillotine/sequence_pair_packing/packing_resize/first_cut_obstruction/events.jsonl,runs/final_submission_20260708_131302/main_results/main/guillotine/sequence_pair_packing/packing_resize/first_cut_obstruction/checkpoint.json,1,False,21603.426364421844,0,runs/final_submission_20260708_131302/main_results/main/guillotine/sequence_pair_packing/packing_resize/first_cut_obstruction/summary.json
guillotine/sequence_pair_packing/packing_resize/k_subset_nonseparability/budget21600/git8dd31ca1c888,main,guillotine,sequence_pair_packing,packing_resize,k_subset_nonseparability,patternboost,7210250866548114713,21600,100000,3873,budget_exhausted,0.23076923076923078,529.2478284388781,runs/final_submission_20260708_131302/main_results/main/guillotine/sequence_pair_packing/packing_resize/k_subset_nonseparability/certificates/best_iter000320_34be64771492.json,runs/final_submission_20260708_131302/main_results/main/guillotine/sequence_pair_packing/packing_resize/k_subset_nonseparability/renderings/best_iter000320_34be64771492.svg,34be647714928b1b4c696ea641ba2ec13638bfd3bac5aeb6c382ee13c7941934,4650,0,0,1953,53753,456,7296,1244,7,16,packing_resize,2,runs/final_submission_20260708_131302/main_results/main/guillotine/sequence_pair_packing/packing_resize/k_subset_nonseparability/events.jsonl,runs/final_submission_20260708_131302/main_results/main/guillotine/sequence_pair_packing/packing_resize/k_subset_nonseparability/checkpoint.json,1,False,21616.15496353805,0,runs/final_submission_20260708_131302/main_results/main/guillotine/sequence_pair_packing/packing_resize/k_subset_nonseparability/summary.json
guillotine/sequence_pair_packing/recursive_gadget_assembly/depth_limited_dp/budget21600/git8dd31ca1c888,main,guillotine,sequence_pair_packing,recursive_gadget_assembly,depth_limited_dp,patternboost,5055599076888258192,21600,100000,2901,budget_exhausted,0.22727272727272727,15541.447731293738,runs/final_submission_20260708_131302/main_results/main/guillotine/sequence_pair_packing/recursive_gadget_assembly/depth_limited_dp/certificates/best_iter002130_9f9afc171948.json,runs/final_submission_20260708_131302/main_results/main/guillotine/sequence_pair_packing/recursive_gadget_assembly/depth_limited_dp/renderings/best_iter002130_9f9afc171948.svg,9f9afc1719481f8d283bdc192046c29009fae0ac6106c42317558a88b8a4985b,3486,0,0,4419,29972,357,5712,3938,7,16,recursive_gadget_assembly,3,runs/final_submission_20260708_131302/main_results/main/guillotine/sequence_pair_packing/recursive_gadget_assembly/depth_limited_dp/events.jsonl,runs/final_submission_20260708_131302/main_results/main/guillotine/sequence_pair_packing/recursive_gadget_assembly/depth_limited_dp/checkpoint.json,1,False,21605.89770412445,0,runs/final_submission_20260708_131302/main_results/main/guillotine/sequence_pair_packing/recursive_gadget_assembly/depth_limited_dp/summary.json
guillotine/sequence_pair_packing/recursive_gadget_assembly/first_cut_obstruction/budget21600/git8dd31ca1c888,main,guillotine,sequence_pair_packing,recursive_gadget_assembly,first_cut_obstruction,patternboost,438064686574953372,21600,100000,5206,budget_exhausted,0.18181818181818182,59.48994953930378,runs/final_submission_20260708_131302/main_results/main/guillotine/sequence_pair_packing/recursive_gadget_assembly/first_cut_obstruction/certificates/best_iter000030_050425d364ac.json,runs/final_submission_20260708_131302/main_results/main/guillotine/sequence_pair_packing/recursive_gadget_assembly/first_cut_obstruction/renderings/best_iter000030_050425d364ac.svg,050425d364acb66a4fe71692e3c28262466aa4bb9b2b7ac2669bc2d0ac80242a,6252,0,0,9386,56759,681,10896,8810,7,16,recursive_gadget_assembly,5,runs/final_submission_20260708_131302/main_results/main/guillotine/sequence_pair_packing/recursive_gadget_assembly/first_cut_obstruction/events.jsonl,runs/final_submission_20260708_131302/main_results/main/guillotine/sequence_pair_packing/recursive_gadget_assembly/first_cut_obstruction/checkpoint.json,1,False,21603.60475154221,0,runs/final_submission_20260708_131302/main_results/main/guillotine/sequence_pair_packing/recursive_gadget_assembly/first_cut_obstruction/summary.json
guillotine/sequence_pair_packing/recursive_gadget_assembly/k_subset_nonseparability/budget21600/git8dd31ca1c888,main,guillotine,sequence_pair_packing,recursive_gadget_assembly,k_subset_nonseparability,patternboost,5996630348721236370,21600,100000,796,budget_exhausted,0.19047619047619047,12907.945413894951,runs/final_submission_20260708_131302/main_results/main/guillotine/sequence_pair_packing/recursive_gadget_assembly/k_subset_nonseparability/certificates/best_iter000475_7a15325ceba6.json,runs/final_submission_20260708_131302/main_results/main/guillotine/sequence_pair_packing/recursive_gadget_assembly/k_subset_nonseparability/renderings/best_iter000475_7a15325ceba6.svg,7a15325ceba669c75201452893688413a157ce58cb242843ac418d56f3d6c03d,960,0,0,161,8683,112,1792,106,7,16,recursive_gadget_assembly,5,runs/final_submission_20260708_131302/main_results/main/guillotine/sequence_pair_packing/recursive_gadget_assembly/k_subset_nonseparability/events.jsonl,runs/final_submission_20260708_131302/main_results/main/guillotine/sequence_pair_packing/recursive_gadget_assembly/k_subset_nonseparability/checkpoint.json,1,False,21613.47497639805,0,runs/final_submission_20260708_131302/main_results/main/guillotine/sequence_pair_packing/recursive_gadget_assembly/k_subset_nonseparability/summary.json
guillotine/sequence_pair_packing/witness_breaking/depth_limited_dp/budget21600/git8dd31ca1c888,main,guillotine,sequence_pair_packing,witness_breaking,depth_limited_dp,patternboost,1388202868333387904,21600,100000,1849,budget_exhausted,0.2222222222222222,21510.199815519154,runs/final_submission_20260708_131302/main_results/main/guillotine/sequence_pair_packing/witness_breaking/depth_limited_dp/certificates/best_iter001835_2ea2ad398f3e.json,runs/final_submission_20260708_131302/main_results/main/guillotine/sequence_pair_packing/witness_breaking/depth_limited_dp/renderings/best_iter001835_2ea2ad398f3e.svg,2ea2ad398f3ec5c410dad9fcaa73bbc7efd71fe384dc762d50e851e857739847,2220,0,0,3391,11178,221,3536,3195,7,16,witness_breaking,5,runs/final_submission_20260708_131302/main_results/main/guillotine/sequence_pair_packing/witness_breaking/depth_limited_dp/events.jsonl,runs/final_submission_20260708_131302/main_results/main/guillotine/sequence_pair_packing/witness_breaking/depth_limited_dp/checkpoint.json,1,False,21610.263270281255,0,runs/final_submission_20260708_131302/main_results/main/guillotine/sequence_pair_packing/witness_breaking/depth_limited_dp/summary.json
guillotine/sequence_pair_packing/witness_breaking/first_cut_obstruction/budget21600/git8dd31ca1c888,main,guillotine,sequence_pair_packing,witness_breaking,first_cut_obstruction,patternboost,2283389660363959581,21600,100000,3701,budget_exhausted,0.14285714285714285,934.5498943254352,runs/final_submission_20260708_131302/main_results/main/guillotine/sequence_pair_packing/witness_breaking/first_cut_obstruction/certificates/best_iter000255_0c94a41aac33.json,runs/final_submission_20260708_131302/main_results/main/guillotine/sequence_pair_packing/witness_breaking/first_cut_obstruction/renderings/best_iter000255_0c94a41aac33.svg,0c94a41aac337e5995f700b6dec04a86fc4d2849324c72b912decfd3b7eb1bda,4446,0,0,6386,19468,426,6816,5631,7,16,witness_breaking,2,runs/final_submission_20260708_131302/main_results/main/guillotine/sequence_pair_packing/witness_breaking/first_cut_obstruction/events.jsonl,runs/final_submission_20260708_131302/main_results/main/guillotine/sequence_pair_packing/witness_breaking/first_cut_obstruction/checkpoint.json,1,False,21619.34957307577,0,runs/final_submission_20260708_131302/main_results/main/guillotine/sequence_pair_packing/witness_breaking/first_cut_obstruction/summary.json
guillotine/sequence_pair_packing/witness_breaking/k_subset_nonseparability/budget21600/git8dd31ca1c888,main,guillotine,sequence_pair_packing,witness_breaking,k_subset_nonseparability,patternboost,3543256110501969607,21600,100000,516,budget_exhausted,0.16666666666666666,12310.078106731176,runs/final_submission_20260708_131302/main_results/main/guillotine/sequence_pair_packing/witness_breaking/k_subset_nonseparability/certificates/best_iter000315_ed76bebeecfa.json,runs/final_submission_20260708_131302/main_results/main/guillotine/sequence_pair_packing/witness_breaking/k_subset_nonseparability/renderings/best_iter000315_ed76bebeecfa.svg,ed76bebeecfa664961bf23274562cbe90ee534c147280b7cf0a0419fe58d651a,624,0,0,102,3416,70,1120,38,7,16,witness_breaking,3,runs/final_submission_20260708_131302/main_results/main/guillotine/sequence_pair_packing/witness_breaking/k_subset_nonseparability/events.jsonl,runs/final_submission_20260708_131302/main_results/main/guillotine/sequence_pair_packing/witness_breaking/k_subset_nonseparability/checkpoint.json,1,False,21630.244569800794,0,runs/final_submission_20260708_131302/main_results/main/guillotine/sequence_pair_packing/witness_breaking/k_subset_nonseparability/summary.json
misr/endpoint_sequence_pair/lp_dual_pivot/exact_lp_gap_pressure/budget21600/git8dd31ca1c888,main,misr,endpoint_sequence_pair,lp_dual_pivot,exact_lp_gap_pressure,patternboost,4141945268514989979,21600,100000,9176,budget_exhausted,1.25,273.48624461889267,runs/final_submission_20260708_131302/main_results/main/misr/endpoint_sequence_pair/lp_dual_pivot/exact_lp_gap_pressure/certificates/best_iter000170_c78bb3c81492.json,runs/final_submission_20260708_131302/main_results/main/misr/endpoint_sequence_pair/lp_dual_pivot/exact_lp_gap_pressure/renderings/best_iter000170_c78bb3c81492.svg,c78bb3c814924c73e0aeccbe38afc1ae92340108ac2291e81868c5c9a9126568,7442,0,0,4170,237698,1043,16688,4170,7,16,lp_dual_pivot,3,runs/final_submission_20260708_131302/main_results/main/misr/endpoint_sequence_pair/lp_dual_pivot/exact_lp_gap_pressure/events.jsonl,runs/final_submission_20260708_131302/main_results/main/misr/endpoint_sequence_pair/lp_dual_pivot/exact_lp_gap_pressure/checkpoint.json,1,False,21601.497637547553,0,runs/final_submission_20260708_131302/main_results/main/misr/endpoint_sequence_pair/lp_dual_pivot/exact_lp_gap_pressure/summary.json
misr/endpoint_sequence_pair/lp_dual_pivot/graph_conflict_proxy/budget21600/git8dd31ca1c888,main,misr,endpoint_sequence_pair,lp_dual_pivot,graph_conflict_proxy,patternboost,4089977255561330806,21600,100000,5734,budget_exhausted,1.25,400.28727676719427,runs/final_submission_20260708_131302/main_results/main/misr/endpoint_sequence_pair/lp_dual_pivot/graph_conflict_proxy/certificates/best_iter000205_41b107aae8e1.json,runs/final_submission_20260708_131302/main_results/main/misr/endpoint_sequence_pair/lp_dual_pivot/graph_conflict_proxy/renderings/best_iter000205_41b107aae8e1.svg,41b107aae8e1c00260d51235a95ba9167dbb58f7994947619049c2f188162924,6577,0,0,7059,102539,800,12800,7059,7,16,lp_dual_pivot,4,runs/final_submission_20260708_131302/main_results/main/misr/endpoint_sequence_pair/lp_dual_pivot/graph_conflict_proxy/events.jsonl,runs/final_submission_20260708_131302/main_results/main/misr/endpoint_sequence_pair/lp_dual_pivot/graph_conflict_proxy/checkpoint.json,1,False,21613.024005390704,0,runs/final_submission_20260708_131302/main_results/main/misr/endpoint_sequence_pair/lp_dual_pivot/graph_conflict_proxy/summary.json
misr/endpoint_sequence_pair/lp_dual_pivot/triangle_free_exact_gap_pressure/budget21600/git8dd31ca1c888,main,misr,endpoint_sequence_pair,lp_dual_pivot,triangle_free_exact_gap_pressure,patternboost,211146428693669311,21600,100000,8060,budget_exhausted,1.25,9.542046949267387,runs/final_submission_20260708_131302/main_results/main/misr/endpoint_sequence_pair/lp_dual_pivot/triangle_free_exact_gap_pressure/certificates/best_iter000005_fc7eabe097b5.json,runs/final_submission_20260708_131302/main_results/main/misr/endpoint_sequence_pair/lp_dual_pivot/triangle_free_exact_gap_pressure/renderings/best_iter000005_fc7eabe097b5.svg,fc7eabe097b57cbc41ff916b0e6d4a3ef2b50963a4f573a9525f689cf9ee194a,6275,0,0,6038,211874,931,14896,6038,7,16,lp_dual_pivot,2,runs/final_submission_20260708_131302/main_results/main/misr/endpoint_sequence_pair/lp_dual_pivot/triangle_free_exact_gap_pressure/events.jsonl,runs/final_submission_20260708_131302/main_results/main/misr/endpoint_sequence_pair/lp_dual_pivot/triangle_free_exact_gap_pressure/checkpoint.json,1,False,21602.224293403327,0,runs/final_submission_20260708_131302/main_results/main/misr/endpoint_sequence_pair/lp_dual_pivot/triangle_free_exact_gap_pressure/summary.json
misr/endpoint_sequence_pair/program_coeff_pivot/exact_lp_gap_pressure/budget21600/git8dd31ca1c888,main,misr,endpoint_sequence_pair,program_coeff_pivot,exact_lp_gap_pressure,patternboost,6242759100098757405,21600,100000,6544,budget_exhausted,1.25,550.0254778120434,runs/final_submission_20260708_131302/main_results/main/misr/endpoint_sequence_pair/program_coeff_pivot/exact_lp_gap_pressure/certificates/best_iter000335_417aa9b08b35.json,runs/final_submission_20260708_131302/main_results/main/misr/endpoint_sequence_pair/program_coeff_pivot/exact_lp_gap_pressure/renderings/best_iter000335_417aa9b08b35.svg,417aa9b08b35e616cd031763c035de05cdd5d70170e6efe5817068506602a999,7854,0,0,4981,66611,934,14944,4981,7,16,program_coeff_pivot,3,runs/final_submission_20260708_131302/main_results/main/misr/endpoint_sequence_pair/program_coeff_pivot/exact_lp_gap_pressure/events.jsonl,runs/final_submission_20260708_131302/main_results/main/misr/endpoint_sequence_pair/program_coeff_pivot/exact_lp_gap_pressure/checkpoint.json,1,False,21606.667120122,0,runs/final_submission_20260708_131302/main_results/main/misr/endpoint_sequence_pair/program_coeff_pivot/exact_lp_gap_pressure/summary.json
misr/endpoint_sequence_pair/program_coeff_pivot/graph_conflict_proxy/budget21600/git8dd31ca1c888,main,misr,endpoint_sequence_pair,program_coeff_pivot,graph_conflict_proxy,patternboost,4569826875850148977,21600,100000,4229,budget_exhausted,1.25,4795.138369207038,runs/final_submission_20260708_131302/main_results/main/misr/endpoint_sequence_pair/program_coeff_pivot/graph_conflict_proxy/certificates/best_iter000990_201d5c73a703.json,runs/final_submission_20260708_131302/main_results/main/misr/endpoint_sequence_pair/program_coeff_pivot/graph_conflict_proxy/renderings/best_iter000990_201d5c73a703.svg,201d5c73a70300b9a468b0aec5ff170860e23668e2906fee77b063d237d746d7,5076,0,0,2591,38782,604,9664,2591,7,16,program_coeff_pivot,2,runs/final_submission_20260708_131302/main_results/main/misr/endpoint_sequence_pair/program_coeff_pivot/graph_conflict_proxy/events.jsonl,runs/final_submission_20260708_131302/main_results/main/misr/endpoint_sequence_pair/program_coeff_pivot/graph_conflict_proxy/checkpoint.json,1,False,21618.939943793986,0,runs/final_submission_20260708_131302/main_results/main/misr/endpoint_sequence_pair/program_coeff_pivot/graph_conflict_proxy/summary.json
misr/endpoint_sequence_pair/program_coeff_pivot/triangle_free_exact_gap_pressure/budget21600/git8dd31ca1c888,main,misr,endpoint_sequence_pair,program_coeff_pivot,triangle_free_exact_gap_pressure,patternboost,5903358139491897424,21600,100000,4712,budget_exhausted,1.25,3304.760586716002,runs/final_submission_20260708_131302/main_results/main/misr/endpoint_sequence_pair/program_coeff_pivot/triangle_free_exact_gap_pressure/certificates/best_iter000045_cb4acf05cffa.json,runs/final_submission_20260708_131302/main_results/main/misr/endpoint_sequence_pair/program_coeff_pivot/triangle_free_exact_gap_pressure/renderings/best_iter000045_cb4acf05cffa.svg,cb4acf05cffaba7aab79a547bb5921dd0be9b5cee46245a0a97afa28ce924dca,5658,0,0,4941,48001,673,10768,4941,7,16,program_coeff_pivot,2,runs/final_submission_20260708_131302/main_results/main/misr/endpoint_sequence_pair/program_coeff_pivot/triangle_free_exact_gap_pressure/events.jsonl,runs/final_submission_20260708_131302/main_results/main/misr/endpoint_sequence_pair/program_coeff_pivot/triangle_free_exact_gap_pressure/checkpoint.json,1,False,22866.685186209972,0,runs/final_submission_20260708_131302/main_results/main/misr/endpoint_sequence_pair/program_coeff_pivot/triangle_free_exact_gap_pressure/summary.json
misr/endpoint_sequence_pair/sequence_pair_pivot/exact_lp_gap_pressure/budget21600/git8dd31ca1c888,main,misr,endpoint_sequence_pair,sequence_pair_pivot,exact_lp_gap_pressure,patternboost,6335462920508309565,21600,100000,5914,budget_exhausted,1.25,1465.8729893320124,runs/final_submission_20260708_131302/main_results/main/misr/endpoint_sequence_pair/sequence_pair_pivot/exact_lp_gap_pressure/certificates/best_iter000575_62823977aeae.json,runs/final_submission_20260708_131302/main_results/main/misr/endpoint_sequence_pair/sequence_pair_pivot/exact_lp_gap_pressure/renderings/best_iter000575_62823977aeae.svg,62823977aeae97e609267cf0125ebed8acdd9ea510db1c9062f3cced72313894,6736,0,0,2297,104046,827,13232,2297,7,16,sequence_pair_pivot,4,runs/final_submission_20260708_131302/main_results/main/misr/endpoint_sequence_pair/sequence_pair_pivot/exact_lp_gap_pressure/events.jsonl,runs/final_submission_20260708_131302/main_results/main/misr/endpoint_sequence_pair/sequence_pair_pivot/exact_lp_gap_pressure/checkpoint.json,1,False,21605.994393723,0,runs/final_submission_20260708_131302/main_results/main/misr/endpoint_sequence_pair/sequence_pair_pivot/exact_lp_gap_pressure/summary.json
misr/endpoint_sequence_pair/sequence_pair_pivot/graph_conflict_proxy/budget21600/git8dd31ca1c888,main,misr,endpoint_sequence_pair,sequence_pair_pivot,graph_conflict_proxy,patternboost,7624667758125263640,21600,100000,3257,budget_exhausted,1.25,1619.764772484079,runs/final_submission_20260708_131302/main_results/main/misr/endpoint_sequence_pair/sequence_pair_pivot/graph_conflict_proxy/certificates/best_iter000230_6fdb6f538c8c.json,runs/final_submission_20260708_131302/main_results/main/misr/endpoint_sequence_pair/sequence_pair_pivot/graph_conflict_proxy/renderings/best_iter000230_6fdb6f538c8c.svg,6fdb6f538c8c58d98623ff118a76931548159a9303422b4e8a13602f5daa4041,3898,0,0,3939,40521,463,7408,3939,7,16,sequence_pair_pivot,5,runs/final_submission_20260708_131302/main_results/main/misr/endpoint_sequence_pair/sequence_pair_pivot/graph_conflict_proxy/events.jsonl,runs/final_submission_20260708_131302/main_results/main/misr/endpoint_sequence_pair/sequence_pair_pivot/graph_conflict_proxy/checkpoint.json,1,False,21603.223765266128,0,runs/final_submission_20260708_131302/main_results/main/misr/endpoint_sequence_pair/sequence_pair_pivot/graph_conflict_proxy/summary.json
misr/endpoint_sequence_pair/sequence_pair_pivot/triangle_free_exact_gap_pressure/budget21600/git8dd31ca1c888,main,misr,endpoint_sequence_pair,sequence_pair_pivot,triangle_free_exact_gap_pressure,patternboost,4837939645741467135,21600,100000,6314,budget_exhausted,1.1666666666666667,4028.8565322789946,runs/final_submission_20260708_131302/main_results/main/misr/endpoint_sequence_pair/sequence_pair_pivot/triangle_free_exact_gap_pressure/certificates/best_iter001660_1a5a62764278.json,runs/final_submission_20260708_131302/main_results/main/misr/endpoint_sequence_pair/sequence_pair_pivot/triangle_free_exact_gap_pressure/renderings/best_iter001660_1a5a62764278.svg,1a5a62764278693b51d79ff23e29b99ec9a6b510d9ec1c253eb74689dd358f3f,7521,0,0,5494,102033,895,14320,5494,7,16,sequence_pair_pivot,3,runs/final_submission_20260708_131302/main_results/main/misr/endpoint_sequence_pair/sequence_pair_pivot/triangle_free_exact_gap_pressure/events.jsonl,runs/final_submission_20260708_131302/main_results/main/misr/endpoint_sequence_pair/sequence_pair_pivot/triangle_free_exact_gap_pressure/checkpoint.json,1,False,21605.83154563798,0,runs/final_submission_20260708_131302/main_results/main/misr/endpoint_sequence_pair/sequence_pair_pivot/triangle_free_exact_gap_pressure/summary.json
misr/quadratic_program_rectangles/lp_dual_pivot/exact_lp_gap_pressure/budget21600/git8dd31ca1c888,main,misr,quadratic_program_rectangles,lp_dual_pivot,exact_lp_gap_pressure,patternboost,8166139756938186491,21600,100000,5869,budget_exhausted,1.3333333333333333,2926.672744691372,runs/final_submission_20260708_131302/main_results/main/misr/quadratic_program_rectangles/lp_dual_pivot/exact_lp_gap_pressure/certificates/best_iter001010_6550ee217110.json,runs/final_submission_20260708_131302/main_results/main/misr/quadratic_program_rectangles/lp_dual_pivot/exact_lp_gap_pressure/renderings/best_iter001010_6550ee217110.svg,6550ee2171109a1cd582d69561bafe10e63d82186bad21f54def42072c545f2d,6652,0,0,11724,107226,838,13408,9329,7,16,lp_dual_pivot,3,runs/final_submission_20260708_131302/main_results/main/misr/quadratic_program_rectangles/lp_dual_pivot/exact_lp_gap_pressure/events.jsonl,runs/final_submission_20260708_131302/main_results/main/misr/quadratic_program_rectangles/lp_dual_pivot/exact_lp_gap_pressure/checkpoint.json,1,False,21601.663808591664,0,runs/final_submission_20260708_131302/main_results/main/misr/quadratic_program_rectangles/lp_dual_pivot/exact_lp_gap_pressure/summary.json
misr/quadratic_program_rectangles/lp_dual_pivot/graph_conflict_proxy/budget21600/git8dd31ca1c888,main,misr,quadratic_program_rectangles,lp_dual_pivot,graph_conflict_proxy,patternboost,4307502390194983641,21600,100000,5804,budget_exhausted,1.3333333333333333,861.7599700093269,runs/final_submission_20260708_131302/main_results/main/misr/quadratic_program_rectangles/lp_dual_pivot/graph_conflict_proxy/certificates/best_iter000310_a10b58f643df.json,runs/final_submission_20260708_131302/main_results/main/misr/quadratic_program_rectangles/lp_dual_pivot/graph_conflict_proxy/renderings/best_iter000310_a10b58f643df.svg,a10b58f643df3c2bda94ecfafb38a1bad53a39967e567e1eee68727c711c1a9d,6646,0,0,11622,104604,829,13264,9107,7,16,lp_dual_pivot,2,runs/final_submission_20260708_131302/main_results/main/misr/quadratic_program_rectangles/lp_dual_pivot/graph_conflict_proxy/events.jsonl,runs/final_submission_20260708_131302/main_results/main/misr/quadratic_program_rectangles/lp_dual_pivot/graph_conflict_proxy/checkpoint.json,1,False,21608.011432386935,0,runs/final_submission_20260708_131302/main_results/main/misr/quadratic_program_rectangles/lp_dual_pivot/graph_conflict_proxy/summary.json
misr/quadratic_program_rectangles/lp_dual_pivot/triangle_free_exact_gap_pressure/budget21600/git8dd31ca1c888,main,misr,quadratic_program_rectangles,lp_dual_pivot,triangle_free_exact_gap_pressure,patternboost,3752085833925363333,21600,100000,5776,budget_exhausted,1.3333333333333333,4464.995412997901,runs/final_submission_20260708_131302/main_results/main/misr/quadratic_program_rectangles/lp_dual_pivot/triangle_free_exact_gap_pressure/certificates/best_iter001455_12f5bf1c1884.json,runs/final_submission_20260708_131302/main_results/main/misr/quadratic_program_rectangles/lp_dual_pivot/triangle_free_exact_gap_pressure/renderings/best_iter001455_12f5bf1c1884.svg,12f5bf1c1884906e5daf3847d82399f0f97bedb7639834b1064bc22ac9ebaff6,6654,0,0,11188,104441,825,13200,8917,7,16,lp_dual_pivot,3,runs/final_submission_20260708_131302/main_results/main/misr/quadratic_program_rectangles/lp_dual_pivot/triangle_free_exact_gap_pressure/events.jsonl,runs/final_submission_20260708_131302/main_results/main/misr/quadratic_program_rectangles/lp_dual_pivot/triangle_free_exact_gap_pressure/checkpoint.json,1,False,21602.22867976129,0,runs/final_submission_20260708_131302/main_results/main/misr/quadratic_program_rectangles/lp_dual_pivot/triangle_free_exact_gap_pressure/summary.json
misr/quadratic_program_rectangles/program_coeff_pivot/exact_lp_gap_pressure/budget21600/git8dd31ca1c888,main,misr,quadratic_program_rectangles,program_coeff_pivot,exact_lp_gap_pressure,patternboost,7632085265375834160,21600,100000,5818,budget_exhausted,1.3333333333333333,244.4939455538988,runs/final_submission_20260708_131302/main_results/main/misr/quadratic_program_rectangles/program_coeff_pivot/exact_lp_gap_pressure/certificates/best_iter000085_d6375452f561.json,runs/final_submission_20260708_131302/main_results/main/misr/quadratic_program_rectangles/program_coeff_pivot/exact_lp_gap_pressure/renderings/best_iter000085_d6375452f561.svg,d6375452f5614d3bfda94dd9f5b2728c0512d040bea3733b6ae1de960a4cfb57,6734,0,0,18239,100804,831,13296,8926,7,16,program_coeff_pivot,2,runs/final_submission_20260708_131302/main_results/main/misr/quadratic_program_rectangles/program_coeff_pivot/exact_lp_gap_pressure/events.jsonl,runs/final_submission_20260708_131302/main_results/main/misr/quadratic_program_rectangles/program_coeff_pivot/exact_lp_gap_pressure/checkpoint.json,1,False,21611.380746863782,0,runs/final_submission_20260708_131302/main_results/main/misr/quadratic_program_rectangles/program_coeff_pivot/exact_lp_gap_pressure/summary.json
misr/quadratic_program_rectangles/program_coeff_pivot/graph_conflict_proxy/budget21600/git8dd31ca1c888,main,misr,quadratic_program_rectangles,program_coeff_pivot,graph_conflict_proxy,patternboost,6002938255540045429,21600,100000,5762,budget_exhausted,1.3333333333333333,1183.6329327821732,runs/final_submission_20260708_131302/main_results/main/misr/quadratic_program_rectangles/program_coeff_pivot/graph_conflict_proxy/certificates/best_iter000420_9c80f0ba762d.json,runs/final_submission_20260708_131302/main_results/main/misr/quadratic_program_rectangles/program_coeff_pivot/graph_conflict_proxy/renderings/best_iter000420_9c80f0ba762d.svg,9c80f0ba762dd9f5f8c1a7507708c8093ba2d081b9d347ad4bdf7b9a19e20c72,6649,0,0,18914,100080,823,13168,9414,7,16,program_coeff_pivot,3,runs/final_submission_20260708_131302/main_results/main/misr/quadratic_program_rectangles/program_coeff_pivot/graph_conflict_proxy/events.jsonl,runs/final_submission_20260708_131302/main_results/main/misr/quadratic_program_rectangles/program_coeff_pivot/graph_conflict_proxy/checkpoint.json,1,False,21608.201159738004,0,runs/final_submission_20260708_131302/main_results/main/misr/quadratic_program_rectangles/program_coeff_pivot/graph_conflict_proxy/summary.json
misr/quadratic_program_rectangles/program_coeff_pivot/triangle_free_exact_gap_pressure/budget21600/git8dd31ca1c888,main,misr,quadratic_program_rectangles,program_coeff_pivot,triangle_free_exact_gap_pressure,patternboost,2215987053457303765,21600,100000,5729,budget_exhausted,1.3333333333333333,2186.842159450054,runs/final_submission_20260708_131302/main_results/main/misr/quadratic_program_rectangles/program_coeff_pivot/triangle_free_exact_gap_pressure/certificates/best_iter000740_8d024aa4b5ff.json,runs/final_submission_20260708_131302/main_results/main/misr/quadratic_program_rectangles/program_coeff_pivot/triangle_free_exact_gap_pressure/renderings/best_iter000740_8d024aa4b5ff.svg,8d024aa4b5ff77690ff67d9f50c04497322145141201cb218525df564a108ea6,6636,0,0,18760,99886,818,13088,9205,7,16,program_coeff_pivot,3,runs/final_submission_20260708_131302/main_results/main/misr/quadratic_program_rectangles/program_coeff_pivot/triangle_free_exact_gap_pressure/events.jsonl,runs/final_submission_20260708_131302/main_results/main/misr/quadratic_program_rectangles/program_coeff_pivot/triangle_free_exact_gap_pressure/checkpoint.json,1,False,21602.724680781364,0,runs/final_submission_20260708_131302/main_results/main/misr/quadratic_program_rectangles/program_coeff_pivot/triangle_free_exact_gap_pressure/summary.json
misr/quadratic_program_rectangles/sequence_pair_pivot/exact_lp_gap_pressure/budget21600/git8dd31ca1c888,main,misr,quadratic_program_rectangles,sequence_pair_pivot,exact_lp_gap_pressure,patternboost,1721686548156984766,21600,100000,5882,budget_exhausted,1.3333333333333333,2634.5451127514243,runs/final_submission_20260708_131302/main_results/main/misr/quadratic_program_rectangles/sequence_pair_pivot/exact_lp_gap_pressure/certificates/best_iter000895_6e9a520612a3.json,runs/final_submission_20260708_131302/main_results/main/misr/quadratic_program_rectangles/sequence_pair_pivot/exact_lp_gap_pressure/renderings/best_iter000895_6e9a520612a3.svg,6e9a520612a3095507e2a4916938ffafae48d64b830656ab2da29c1e3c2a6186,6764,0,0,11086,110930,840,13440,8935,7,16,sequence_pair_pivot,3,runs/final_submission_20260708_131302/main_results/main/misr/quadratic_program_rectangles/sequence_pair_pivot/exact_lp_gap_pressure/events.jsonl,runs/final_submission_20260708_131302/main_results/main/misr/quadratic_program_rectangles/sequence_pair_pivot/exact_lp_gap_pressure/checkpoint.json,1,False,21602.851008303463,0,runs/final_submission_20260708_131302/main_results/main/misr/quadratic_program_rectangles/sequence_pair_pivot/exact_lp_gap_pressure/summary.json
misr/quadratic_program_rectangles/sequence_pair_pivot/graph_conflict_proxy/budget21600/git8dd31ca1c888,main,misr,quadratic_program_rectangles,sequence_pair_pivot,graph_conflict_proxy,patternboost,8113622090878063562,21600,100000,5869,budget_exhausted,1.3333333333333333,5596.695175752044,runs/final_submission_20260708_131302/main_results/main/misr/quadratic_program_rectangles/sequence_pair_pivot/graph_conflict_proxy/certificates/best_iter001800_299507e85d0a.json,runs/final_submission_20260708_131302/main_results/main/misr/quadratic_program_rectangles/sequence_pair_pivot/graph_conflict_proxy/renderings/best_iter001800_299507e85d0a.svg,299507e85d0a13e9790d5ec2c423f17e302ef1aaba21ae5b61e798f7a4720e6a,6616,0,0,12445,110970,838,13408,9627,7,16,sequence_pair_pivot,3,runs/final_submission_20260708_131302/main_results/main/misr/quadratic_program_rectangles/sequence_pair_pivot/graph_conflict_proxy/events.jsonl,runs/final_submission_20260708_131302/main_results/main/misr/quadratic_program_rectangles/sequence_pair_pivot/graph_conflict_proxy/checkpoint.json,1,False,21602.226684048772,0,runs/final_submission_20260708_131302/main_results/main/misr/quadratic_program_rectangles/sequence_pair_pivot/graph_conflict_proxy/summary.json
misr/quadratic_program_rectangles/sequence_pair_pivot/triangle_free_exact_gap_pressure/budget21600/git8dd31ca1c888,main,misr,quadratic_program_rectangles,sequence_pair_pivot,triangle_free_exact_gap_pressure,patternboost,4492701745088813358,21600,100000,5867,budget_exhausted,1.3333333333333333,661.1645920053124,runs/final_submission_20260708_131302/main_results/main/misr/quadratic_program_rectangles/sequence_pair_pivot/triangle_free_exact_gap_pressure/certificates/best_iter000245_087f669d9f0f.json,runs/final_submission_20260708_131302/main_results/main/misr/quadratic_program_rectangles/sequence_pair_pivot/triangle_free_exact_gap_pressure/renderings/best_iter000245_087f669d9f0f.svg,087f669d9f0f744c6c6f59edf242b9ee77301acdad0c1ff785e6d66255787769,6681,0,0,11717,109496,838,13408,9591,7,16,sequence_pair_pivot,3,runs/final_submission_20260708_131302/main_results/main/misr/quadratic_program_rectangles/sequence_pair_pivot/triangle_free_exact_gap_pressure/events.jsonl,runs/final_submission_20260708_131302/main_results/main/misr/quadratic_program_rectangles/sequence_pair_pivot/triangle_free_exact_gap_pressure/checkpoint.json,1,False,21602.236238144338,0,runs/final_submission_20260708_131302/main_results/main/misr/quadratic_program_rectangles/sequence_pair_pivot/triangle_free_exact_gap_pressure/summary.json
misr/triangle_free_rect/lp_dual_pivot/exact_lp_gap_pressure/budget21600/git8dd31ca1c888,main,misr,triangle_free_rect,lp_dual_pivot,exact_lp_gap_pressure,patternboost,4041982915893962939,21600,100000,5994,budget_exhausted,1.375,347.4089208468795,runs/final_submission_20260708_131302/main_results/main/misr/triangle_free_rect/lp_dual_pivot/exact_lp_gap_pressure/certificates/best_iter000075_8ff778283b7a.json,runs/final_submission_20260708_131302/main_results/main/misr/triangle_free_rect/lp_dual_pivot/exact_lp_gap_pressure/renderings/best_iter000075_8ff778283b7a.svg,8ff778283b7a83ccfe240535e0bb7a199c4eea11f3a1bd0f850243c0d4c8eacb,7194,0,0,1428,51774,856,13696,1431,7,16,lp_dual_pivot,4,runs/final_submission_20260708_131302/main_results/main/misr/triangle_free_rect/lp_dual_pivot/exact_lp_gap_pressure/events.jsonl,runs/final_submission_20260708_131302/main_results/main/misr/triangle_free_rect/lp_dual_pivot/exact_lp_gap_pressure/checkpoint.json,1,False,21605.258580792928,0,runs/final_submission_20260708_131302/main_results/main/misr/triangle_free_rect/lp_dual_pivot/exact_lp_gap_pressure/summary.json
misr/triangle_free_rect/lp_dual_pivot/graph_conflict_proxy/budget21600/git8dd31ca1c888,main,misr,triangle_free_rect,lp_dual_pivot,graph_conflict_proxy,patternboost,8421720366697459668,21600,100000,7001,budget_exhausted,1.3333333333333333,20723.32616868592,runs/final_submission_20260708_131302/main_results/main/misr/triangle_free_rect/lp_dual_pivot/graph_conflict_proxy/certificates/best_iter006810_470321573959.json,runs/final_submission_20260708_131302/main_results/main/misr/triangle_free_rect/lp_dual_pivot/graph_conflict_proxy/renderings/best_iter006810_470321573959.svg,4703215739598f3325bcceb8cec1f1c058c7b1895fcdb7ef3665034150932255,8406,0,0,1750,82550,1000,16000,1675,7,16,lp_dual_pivot,3,runs/final_submission_20260708_131302/main_results/main/misr/triangle_free_rect/lp_dual_pivot/graph_conflict_proxy/events.jsonl,runs/final_submission_20260708_131302/main_results/main/misr/triangle_free_rect/lp_dual_pivot/graph_conflict_proxy/checkpoint.json,1,False,21615.005487835966,0,runs/final_submission_20260708_131302/main_results/main/misr/triangle_free_rect/lp_dual_pivot/graph_conflict_proxy/summary.json
misr/triangle_free_rect/lp_dual_pivot/triangle_free_exact_gap_pressure/budget21600/git8dd31ca1c888,main,misr,triangle_free_rect,lp_dual_pivot,triangle_free_exact_gap_pressure,patternboost,1111126500973187406,21600,100000,6416,budget_exhausted,1.375,674.2813815739937,runs/final_submission_20260708_131302/main_results/main/misr/triangle_free_rect/lp_dual_pivot/triangle_free_exact_gap_pressure/certificates/best_iter000425_401e9ee2167e.json,runs/final_submission_20260708_131302/main_results/main/misr/triangle_free_rect/lp_dual_pivot/triangle_free_exact_gap_pressure/renderings/best_iter000425_401e9ee2167e.svg,401e9ee2167ec1a8296c9ca4068a616467f91b253ec848825f08b96e54731f0a,7704,0,0,1461,57831,916,14656,1460,7,16,lp_dual_pivot,5,runs/final_submission_20260708_131302/main_results/main/misr/triangle_free_rect/lp_dual_pivot/triangle_free_exact_gap_pressure/events.jsonl,runs/final_submission_20260708_131302/main_results/main/misr/triangle_free_rect/lp_dual_pivot/triangle_free_exact_gap_pressure/checkpoint.json,1,False,21604.104815517087,0,runs/final_submission_20260708_131302/main_results/main/misr/triangle_free_rect/lp_dual_pivot/triangle_free_exact_gap_pressure/summary.json
misr/triangle_free_rect/program_coeff_pivot/exact_lp_gap_pressure/budget21600/git8dd31ca1c888,main,misr,triangle_free_rect,program_coeff_pivot,exact_lp_gap_pressure,patternboost,6515717857714301105,21600,100000,6248,budget_exhausted,1.375,185.81398624181747,runs/final_submission_20260708_131302/main_results/main/misr/triangle_free_rect/program_coeff_pivot/exact_lp_gap_pressure/certificates/best_iter000125_e26ee113be6e.json,runs/final_submission_20260708_131302/main_results/main/misr/triangle_free_rect/program_coeff_pivot/exact_lp_gap_pressure/renderings/best_iter000125_e26ee113be6e.svg,e26ee113be6e1cb4ba9b595c74a51f554aec492c3da2003900f8ac0c93aaaa42,7500,0,0,1465,53589,892,14272,1466,7,16,program_coeff_pivot,4,runs/final_submission_20260708_131302/main_results/main/misr/triangle_free_rect/program_coeff_pivot/exact_lp_gap_pressure/events.jsonl,runs/final_submission_20260708_131302/main_results/main/misr/triangle_free_rect/program_coeff_pivot/exact_lp_gap_pressure/checkpoint.json,1,False,21606.844890251756,0,runs/final_submission_20260708_131302/main_results/main/misr/triangle_free_rect/program_coeff_pivot/exact_lp_gap_pressure/summary.json
misr/triangle_free_rect/program_coeff_pivot/graph_conflict_proxy/budget21600/git8dd31ca1c888,main,misr,triangle_free_rect,program_coeff_pivot,graph_conflict_proxy,patternboost,1268616065220333463,21600,100000,6804,budget_exhausted,1.125,57.87535171210766,runs/final_submission_20260708_131302/main_results/main/misr/triangle_free_rect/program_coeff_pivot/graph_conflict_proxy/certificates/best_iter000015_9655fdb7e1ea.json,runs/final_submission_20260708_131302/main_results/main/misr/triangle_free_rect/program_coeff_pivot/graph_conflict_proxy/renderings/best_iter000015_9655fdb7e1ea.svg,9655fdb7e1ea6577941498742a0210f59ee338616f6b993114cb0025c78c5b1e,8166,0,0,1776,78677,971,15536,1695,7,16,program_coeff_pivot,2,runs/final_submission_20260708_131302/main_results/main/misr/triangle_free_rect/program_coeff_pivot/graph_conflict_proxy/events.jsonl,runs/final_submission_20260708_131302/main_results/main/misr/triangle_free_rect/program_coeff_pivot/graph_conflict_proxy/checkpoint.json,1,False,21605.219825655222,0,runs/final_submission_20260708_131302/main_results/main/misr/triangle_free_rect/program_coeff_pivot/graph_conflict_proxy/summary.json
misr/triangle_free_rect/program_coeff_pivot/triangle_free_exact_gap_pressure/budget21600/git8dd31ca1c888,main,misr,triangle_free_rect,program_coeff_pivot,triangle_free_exact_gap_pressure,patternboost,8512271603907945633,21600,100000,6337,budget_exhausted,1.5,9514.654990047216,runs/final_submission_20260708_131302/main_results/main/misr/triangle_free_rect/program_coeff_pivot/triangle_free_exact_gap_pressure/certificates/best_iter003615_309632efb072.json,runs/final_submission_20260708_131302/main_results/main/misr/triangle_free_rect/program_coeff_pivot/triangle_free_exact_gap_pressure/renderings/best_iter003615_309632efb072.svg,309632efb0724c3f999a31de9fc616b92a22dfe3f80875767bcfb7990d2052f9,7608,0,0,1402,57285,905,14480,1403,7,16,program_coeff_pivot,6,runs/final_submission_20260708_131302/main_results/main/misr/triangle_free_rect/program_coeff_pivot/triangle_free_exact_gap_pressure/events.jsonl,runs/final_submission_20260708_131302/main_results/main/misr/triangle_free_rect/program_coeff_pivot/triangle_free_exact_gap_pressure/checkpoint.json,1,False,21605.378123655915,0,runs/final_submission_20260708_131302/main_results/main/misr/triangle_free_rect/program_coeff_pivot/triangle_free_exact_gap_pressure/summary.json
misr/triangle_free_rect/sequence_pair_pivot/exact_lp_gap_pressure/budget21600/git8dd31ca1c888,main,misr,triangle_free_rect,sequence_pair_pivot,exact_lp_gap_pressure,patternboost,1624905178863056064,21600,100000,4985,budget_exhausted,1.375,4860.1085307225585,runs/final_submission_20260708_131302/main_results/main/misr/triangle_free_rect/sequence_pair_pivot/exact_lp_gap_pressure/certificates/best_iter000185_a7fb69845711.json,runs/final_submission_20260708_131302/main_results/main/misr/triangle_free_rect/sequence_pair_pivot/exact_lp_gap_pressure/renderings/best_iter000185_a7fb69845711.svg,a7fb6984571170bac512da8f6cbf943cb28961e7a1a7bffa76f630654a08ca70,5982,0,0,1111,43067,712,11392,1113,7,16,sequence_pair_pivot,4,runs/final_submission_20260708_131302/main_results/main/misr/triangle_free_rect/sequence_pair_pivot/exact_lp_gap_pressure/events.jsonl,runs/final_submission_20260708_131302/main_results/main/misr/triangle_free_rect/sequence_pair_pivot/exact_lp_gap_pressure/checkpoint.json,1,False,21608.023096710443,0,runs/final_submission_20260708_131302/main_results/main/misr/triangle_free_rect/sequence_pair_pivot/exact_lp_gap_pressure/summary.json
misr/triangle_free_rect/sequence_pair_pivot/graph_conflict_proxy/budget21600/git8dd31ca1c888,main,misr,triangle_free_rect,sequence_pair_pivot,graph_conflict_proxy,patternboost,8657895606797409230,21600,100000,6937,budget_exhausted,1.25,449.0904588808771,runs/final_submission_20260708_131302/main_results/main/misr/triangle_free_rect/sequence_pair_pivot/graph_conflict_proxy/certificates/best_iter000305_3aef4ddeda96.json,runs/final_submission_20260708_131302/main_results/main/misr/triangle_free_rect/sequence_pair_pivot/graph_conflict_proxy/renderings/best_iter000305_3aef4ddeda96.svg,3aef4ddeda962fd9e8c0f934c39244ae97cc7f69dff45c52c4383f98114d1436,8328,0,0,1819,80749,990,15840,1750,7,16,sequence_pair_pivot,3,runs/final_submission_20260708_131302/main_results/main/misr/triangle_free_rect/sequence_pair_pivot/graph_conflict_proxy/events.jsonl,runs/final_submission_20260708_131302/main_results/main/misr/triangle_free_rect/sequence_pair_pivot/graph_conflict_proxy/checkpoint.json,1,False,21603.851626358926,0,runs/final_submission_20260708_131302/main_results/main/misr/triangle_free_rect/sequence_pair_pivot/graph_conflict_proxy/summary.json
misr/triangle_free_rect/sequence_pair_pivot/triangle_free_exact_gap_pressure/budget21600/git8dd31ca1c888,main,misr,triangle_free_rect,sequence_pair_pivot,triangle_free_exact_gap_pressure,patternboost,7870983780792550434,21600,100000,6322,budget_exhausted,1.375,3750.7841247429606,runs/final_submission_20260708_131302/main_results/main/misr/triangle_free_rect/sequence_pair_pivot/triangle_free_exact_gap_pressure/certificates/best_iter001810_c0d510db4431.json,runs/final_submission_20260708_131302/main_results/main/misr/triangle_free_rect/sequence_pair_pivot/triangle_free_exact_gap_pressure/renderings/best_iter001810_c0d510db4431.svg,c0d510db44314050b02186d2300a378318e19e2e232c799069ac0fcca1e4e3d5,7590,0,0,1542,56670,903,14448,1542,7,16,sequence_pair_pivot,5,runs/final_submission_20260708_131302/main_results/main/misr/triangle_free_rect/sequence_pair_pivot/triangle_free_exact_gap_pressure/events.jsonl,runs/final_submission_20260708_131302/main_results/main/misr/triangle_free_rect/sequence_pair_pivot/triangle_free_exact_gap_pressure/checkpoint.json,1,False,21609.11511213705,0,runs/final_submission_20260708_131302/main_results/main/misr/triangle_free_rect/sequence_pair_pivot/triangle_free_exact_gap_pressure/summary.json
unit_square/line_square_incidence/coord_mutation/exact_stab_gap_pressure/budget21600/git8dd31ca1c888,main,unit_square,line_square_incidence,coord_mutation,exact_stab_gap_pressure,patternboost,8519733918887578367,21600,100000,6214,budget_exhausted,1.4285714285714288,2876.253069475293,runs/final_submission_20260708_131302/main_results/main/unit_square/line_square_incidence/coord_mutation/exact_stab_gap_pressure/certificates/best_iter001095_1186caa4a642.json,runs/final_submission_20260708_131302/main_results/main/unit_square/line_square_incidence/coord_mutation/exact_stab_gap_pressure/renderings/best_iter001095_1186caa4a642.svg,1186caa4a6426cba0ea92554aa85585910b4fb522058a8cf9ea955754ed8c1a9,7431,0,0,255,55641,887,14192,50,7,16,coord_mutation,14,runs/final_submission_20260708_131302/main_results/main/unit_square/line_square_incidence/coord_mutation/exact_stab_gap_pressure/events.jsonl,runs/final_submission_20260708_131302/main_results/main/unit_square/line_square_incidence/coord_mutation/exact_stab_gap_pressure/checkpoint.json,1,False,21605.032215319574,0,runs/final_submission_20260708_131302/main_results/main/unit_square/line_square_incidence/coord_mutation/exact_stab_gap_pressure/summary.json
unit_square/line_square_incidence/coord_mutation/greedy_partial_lp_bitset/budget21600/git8dd31ca1c888,main,unit_square,line_square_incidence,coord_mutation,greedy_partial_lp_bitset,patternboost,6007183627127595386,21600,100000,5216,budget_exhausted,1.1904761904761905,4723.163293659687,runs/final_submission_20260708_131302/main_results/main/unit_square/line_square_incidence/coord_mutation/greedy_partial_lp_bitset/certificates/best_iter001545_54a1cc11b4c6.json,runs/final_submission_20260708_131302/main_results/main/unit_square/line_square_incidence/coord_mutation/greedy_partial_lp_bitset/renderings/best_iter001545_54a1cc11b4c6.svg,54a1cc11b4c69567fadf98f3212fe1bb7601af83eeabb72006c7b62b738c8cbc,6264,0,0,118,52279,745,11920,112,7,16,coord_mutation,5,runs/final_submission_20260708_131302/main_results/main/unit_square/line_square_incidence/coord_mutation/greedy_partial_lp_bitset/events.jsonl,runs/final_submission_20260708_131302/main_results/main/unit_square/line_square_incidence/coord_mutation/greedy_partial_lp_bitset/checkpoint.json,1,False,21604.56916605681,0,runs/final_submission_20260708_131302/main_results/main/unit_square/line_square_incidence/coord_mutation/greedy_partial_lp_bitset/summary.json
unit_square/line_square_incidence/coord_mutation/incidence_statistics/budget21600/git8dd31ca1c888,main,unit_square,line_square_incidence,coord_mutation,incidence_statistics,patternboost,2771691544326739892,21600,100000,6826,budget_exhausted,1.25,918.7960242033005,runs/final_submission_20260708_131302/main_results/main/unit_square/line_square_incidence/coord_mutation/incidence_statistics/certificates/best_iter000595_0495465f6c47.json,runs/final_submission_20260708_131302/main_results/main/unit_square/line_square_incidence/coord_mutation/incidence_statistics/renderings/best_iter000595_0495465f6c47.svg,0495465f6c4788dd9dc6b6c697a72a9bb7e1d054548b91cdb02022e7692f46f5,8196,0,0,522,60016,975,15600,373,7,16,coord_mutation,6,runs/final_submission_20260708_131302/main_results/main/unit_square/line_square_incidence/coord_mutation/incidence_statistics/events.jsonl,runs/final_submission_20260708_131302/main_results/main/unit_square/line_square_incidence/coord_mutation/incidence_statistics/checkpoint.json,1,False,21612.915589131415,0,runs/final_submission_20260708_131302/main_results/main/unit_square/line_square_incidence/coord_mutation/incidence_statistics/summary.json
unit_square/line_square_incidence/primal_dual_lines/exact_stab_gap_pressure/budget21600/git8dd31ca1c888,main,unit_square,line_square_incidence,primal_dual_lines,exact_stab_gap_pressure,patternboost,4682480242708805026,21600,100000,5475,budget_exhausted,1.5000000000000004,2064.422687523067,runs/final_submission_20260708_131302/main_results/main/unit_square/line_square_incidence/primal_dual_lines/exact_stab_gap_pressure/certificates/best_iter000775_986055e4fef2.json,runs/final_submission_20260708_131302/main_results/main/unit_square/line_square_incidence/primal_dual_lines/exact_stab_gap_pressure/renderings/best_iter000775_986055e4fef2.svg,986055e4fef2598fdf56c1d4fd42162ca668e897d2f36ac247659e0a9a16fefd,6566,0,0,129,52421,782,12512,6,7,16,primal_dual_lines,8,runs/final_submission_20260708_131302/main_results/main/unit_square/line_square_incidence/primal_dual_lines/exact_stab_gap_pressure/events.jsonl,runs/final_submission_20260708_131302/main_results/main/unit_square/line_square_incidence/primal_dual_lines/exact_stab_gap_pressure/checkpoint.json,1,False,21616.00501895696,0,runs/final_submission_20260708_131302/main_results/main/unit_square/line_square_incidence/primal_dual_lines/exact_stab_gap_pressure/summary.json
unit_square/line_square_incidence/primal_dual_lines/greedy_partial_lp_bitset/budget21600/git8dd31ca1c888,main,unit_square,line_square_incidence,primal_dual_lines,greedy_partial_lp_bitset,patternboost,4111806516976785749,21600,100000,5365,budget_exhausted,1.2307692307692308,2995.849439918995,runs/final_submission_20260708_131302/main_results/main/unit_square/line_square_incidence/primal_dual_lines/greedy_partial_lp_bitset/certificates/best_iter001040_03ef267da6bd.json,runs/final_submission_20260708_131302/main_results/main/unit_square/line_square_incidence/primal_dual_lines/greedy_partial_lp_bitset/renderings/best_iter001040_03ef267da6bd.svg,03ef267da6bdf752009a902ce20389e680c11ed78c599f3e259db4c48238d0ac,6438,0,0,157,56688,766,12256,90,7,16,primal_dual_lines,5,runs/final_submission_20260708_131302/main_results/main/unit_square/line_square_incidence/primal_dual_lines/greedy_partial_lp_bitset/events.jsonl,runs/final_submission_20260708_131302/main_results/main/unit_square/line_square_incidence/primal_dual_lines/greedy_partial_lp_bitset/checkpoint.json,1,False,21605.412580683827,0,runs/final_submission_20260708_131302/main_results/main/unit_square/line_square_incidence/primal_dual_lines/greedy_partial_lp_bitset/summary.json
unit_square/line_square_incidence/primal_dual_lines/incidence_statistics/budget21600/git8dd31ca1c888,main,unit_square,line_square_incidence,primal_dual_lines,incidence_statistics,patternboost,6051632960770651072,21600,100000,6002,budget_exhausted,1.25,408.1689807251096,runs/final_submission_20260708_131302/main_results/main/unit_square/line_square_incidence/primal_dual_lines/incidence_statistics/certificates/best_iter000240_0d3b9d580559.json,runs/final_submission_20260708_131302/main_results/main/unit_square/line_square_incidence/primal_dual_lines/incidence_statistics/renderings/best_iter000240_0d3b9d580559.svg,0d3b9d580559bf4a929e3e315ad1da3d04b64bb440e9c1d5e420a67fc03522b3,7206,0,0,314,51903,857,13712,240,7,16,primal_dual_lines,5,runs/final_submission_20260708_131302/main_results/main/unit_square/line_square_incidence/primal_dual_lines/incidence_statistics/events.jsonl,runs/final_submission_20260708_131302/main_results/main/unit_square/line_square_incidence/primal_dual_lines/incidence_statistics/checkpoint.json,1,False,21607.593173496425,0,runs/final_submission_20260708_131302/main_results/main/unit_square/line_square_incidence/primal_dual_lines/incidence_statistics/summary.json
unit_square/line_square_incidence/sqstab_local_hillclimb/exact_stab_gap_pressure/budget21600/git8dd31ca1c888,main,unit_square,line_square_incidence,sqstab_local_hillclimb,exact_stab_gap_pressure,patternboost,6336792428687504995,21600,100000,4859,budget_exhausted,1.5000000000000002,11259.88961531967,runs/final_submission_20260708_131302/main_results/main/unit_square/line_square_incidence/sqstab_local_hillclimb/exact_stab_gap_pressure/certificates/best_iter002865_a5a852f779c3.json,runs/final_submission_20260708_131302/main_results/main/unit_square/line_square_incidence/sqstab_local_hillclimb/exact_stab_gap_pressure/renderings/best_iter002865_a5a852f779c3.svg,a5a852f779c3302927ee0e503c880c351ac754f269e4f9d6a3938fbdce3f5e0e,5826,0,0,131,47015,694,11104,71,7,16,sqstab_local_hillclimb,15,runs/final_submission_20260708_131302/main_results/main/unit_square/line_square_incidence/sqstab_local_hillclimb/exact_stab_gap_pressure/events.jsonl,runs/final_submission_20260708_131302/main_results/main/unit_square/line_square_incidence/sqstab_local_hillclimb/exact_stab_gap_pressure/checkpoint.json,1,False,21618.017474018037,0,runs/final_submission_20260708_131302/main_results/main/unit_square/line_square_incidence/sqstab_local_hillclimb/exact_stab_gap_pressure/summary.json
unit_square/line_square_incidence/sqstab_local_hillclimb/greedy_partial_lp_bitset/budget21600/git8dd31ca1c888,main,unit_square,line_square_incidence,sqstab_local_hillclimb,greedy_partial_lp_bitset,patternboost,8318242007499135480,21600,100000,4686,budget_exhausted,1.3043478260869565,10796.458367101848,runs/final_submission_20260708_131302/main_results/main/unit_square/line_square_incidence/sqstab_local_hillclimb/greedy_partial_lp_bitset/certificates/best_iter002675_88b19da2c99d.json,runs/final_submission_20260708_131302/main_results/main/unit_square/line_square_incidence/sqstab_local_hillclimb/greedy_partial_lp_bitset/renderings/best_iter002675_88b19da2c99d.svg,88b19da2c99d06b5fd9404159f8b63494c00b4241ff58bdfbb6966d71f3ecec9,5623,0,0,91,43161,669,10704,50,7,16,sqstab_local_hillclimb,5,runs/final_submission_20260708_131302/main_results/main/unit_square/line_square_incidence/sqstab_local_hillclimb/greedy_partial_lp_bitset/events.jsonl,runs/final_submission_20260708_131302/main_results/main/unit_square/line_square_incidence/sqstab_local_hillclimb/greedy_partial_lp_bitset/checkpoint.json,1,False,21603.75385195017,0,runs/final_submission_20260708_131302/main_results/main/unit_square/line_square_incidence/sqstab_local_hillclimb/greedy_partial_lp_bitset/summary.json
unit_square/line_square_incidence/sqstab_local_hillclimb/incidence_statistics/budget21600/git8dd31ca1c888,main,unit_square,line_square_incidence,sqstab_local_hillclimb,incidence_statistics,patternboost,4518685120683210323,21600,100000,5727,budget_exhausted,1.3043478260869565,1506.8775456398726,runs/final_submission_20260708_131302/main_results/main/unit_square/line_square_incidence/sqstab_local_hillclimb/incidence_statistics/certificates/best_iter000550_1b433a8ac0c8.json,runs/final_submission_20260708_131302/main_results/main/unit_square/line_square_incidence/sqstab_local_hillclimb/incidence_statistics/renderings/best_iter000550_1b433a8ac0c8.svg,1b433a8ac0c88213d4a5a54bfa7dbdb5286f19d41aebab8b46cf777d2480f66d,6876,0,0,317,50496,818,13088,240,7,16,sqstab_local_hillclimb,4,runs/final_submission_20260708_131302/main_results/main/unit_square/line_square_incidence/sqstab_local_hillclimb/incidence_statistics/events.jsonl,runs/final_submission_20260708_131302/main_results/main/unit_square/line_square_incidence/sqstab_local_hillclimb/incidence_statistics/checkpoint.json,1,False,21616.814004674554,0,runs/final_submission_20260708_131302/main_results/main/unit_square/line_square_incidence/sqstab_local_hillclimb/incidence_statistics/summary.json
unit_square/sqstab_exact_grid/coord_mutation/exact_stab_gap_pressure/budget21600/git8dd31ca1c888,main,unit_square,sqstab_exact_grid,coord_mutation,exact_stab_gap_pressure,patternboost,7012163283709744166,21600,100000,6615,budget_exhausted,1.5000000000000004,1385.1904492527246,runs/final_submission_20260708_131302/main_results/main/unit_square/sqstab_exact_grid/coord_mutation/exact_stab_gap_pressure/certificates/best_iter000730_4a30a2a9d643.json,runs/final_submission_20260708_131302/main_results/main/unit_square/sqstab_exact_grid/coord_mutation/exact_stab_gap_pressure/renderings/best_iter000730_4a30a2a9d643.svg,4a30a2a9d64390eda7870a5db47db2d2ab2c39cc3a7286866f3d52b42005016a,7922,0,0,6852,75155,944,15104,6709,7,16,coord_mutation,12,runs/final_submission_20260708_131302/main_results/main/unit_square/sqstab_exact_grid/coord_mutation/exact_stab_gap_pressure/events.jsonl,runs/final_submission_20260708_131302/main_results/main/unit_square/sqstab_exact_grid/coord_mutation/exact_stab_gap_pressure/checkpoint.json,1,False,21603.60977333784,0,runs/final_submission_20260708_131302/main_results/main/unit_square/sqstab_exact_grid/coord_mutation/exact_stab_gap_pressure/summary.json
unit_square/sqstab_exact_grid/coord_mutation/greedy_partial_lp_bitset/budget21600/git8dd31ca1c888,main,unit_square,sqstab_exact_grid,coord_mutation,greedy_partial_lp_bitset,patternboost,5530584304853327329,21600,100000,6304,budget_exhausted,1.3333333333333333,127.35557895153761,runs/final_submission_20260708_131302/main_results/main/unit_square/sqstab_exact_grid/coord_mutation/greedy_partial_lp_bitset/certificates/best_iter000070_dc34f8d1c27c.json,runs/final_submission_20260708_131302/main_results/main/unit_square/sqstab_exact_grid/coord_mutation/greedy_partial_lp_bitset/renderings/best_iter000070_dc34f8d1c27c.svg,dc34f8d1c27ce8a69bc6feff5debb6535527d9a2b04880f05848400f1f0294a6,7561,0,0,7838,69838,900,14400,8591,7,16,coord_mutation,6,runs/final_submission_20260708_131302/main_results/main/unit_square/sqstab_exact_grid/coord_mutation/greedy_partial_lp_bitset/events.jsonl,runs/final_submission_20260708_131302/main_results/main/unit_square/sqstab_exact_grid/coord_mutation/greedy_partial_lp_bitset/checkpoint.json,1,False,21605.801387049258,0,runs/final_submission_20260708_131302/main_results/main/unit_square/sqstab_exact_grid/coord_mutation/greedy_partial_lp_bitset/summary.json
unit_square/sqstab_exact_grid/coord_mutation/incidence_statistics/budget21600/git8dd31ca1c888,main,unit_square,sqstab_exact_grid,coord_mutation,incidence_statistics,patternboost,3350986350689918404,21600,100000,6987,budget_exhausted,1.3043478260869565,1968.1935511678457,runs/final_submission_20260708_131302/main_results/main/unit_square/sqstab_exact_grid/coord_mutation/incidence_statistics/certificates/best_iter001090_ea0d77208b85.json,runs/final_submission_20260708_131302/main_results/main/unit_square/sqstab_exact_grid/coord_mutation/incidence_statistics/renderings/best_iter001090_ea0d77208b85.svg,ea0d77208b85c9657276514d263943c312bedf07e2c1fac34747998c92523217,8386,0,0,9950,72298,998,15968,12677,7,16,coord_mutation,5,runs/final_submission_20260708_131302/main_results/main/unit_square/sqstab_exact_grid/coord_mutation/incidence_statistics/events.jsonl,runs/final_submission_20260708_131302/main_results/main/unit_square/sqstab_exact_grid/coord_mutation/incidence_statistics/checkpoint.json,1,False,21609.37952143699,0,runs/final_submission_20260708_131302/main_results/main/unit_square/sqstab_exact_grid/coord_mutation/incidence_statistics/summary.json
unit_square/sqstab_exact_grid/primal_dual_lines/exact_stab_gap_pressure/budget21600/git8dd31ca1c888,main,unit_square,sqstab_exact_grid,primal_dual_lines,exact_stab_gap_pressure,patternboost,8763814197719276335,21600,100000,6243,budget_exhausted,1.4285714285714286,219.97197354584932,runs/final_submission_20260708_131302/main_results/main/unit_square/sqstab_exact_grid/primal_dual_lines/exact_stab_gap_pressure/certificates/best_iter000120_796fe7d68852.json,runs/final_submission_20260708_131302/main_results/main/unit_square/sqstab_exact_grid/primal_dual_lines/exact_stab_gap_pressure/renderings/best_iter000120_796fe7d68852.svg,796fe7d68852dbd00f0a77a7b0a56807ee7ee386fc3cc17657e184f8b1b3d230,7485,0,0,7252,69577,891,14256,7434,7,16,primal_dual_lines,7,runs/final_submission_20260708_131302/main_results/main/unit_square/sqstab_exact_grid/primal_dual_lines/exact_stab_gap_pressure/events.jsonl,runs/final_submission_20260708_131302/main_results/main/unit_square/sqstab_exact_grid/primal_dual_lines/exact_stab_gap_pressure/checkpoint.json,1,False,21602.618756629527,0,runs/final_submission_20260708_131302/main_results/main/unit_square/sqstab_exact_grid/primal_dual_lines/exact_stab_gap_pressure/summary.json
unit_square/sqstab_exact_grid/primal_dual_lines/greedy_partial_lp_bitset/budget21600/git8dd31ca1c888,main,unit_square,sqstab_exact_grid,primal_dual_lines,greedy_partial_lp_bitset,patternboost,5738721290131224691,21600,100000,6112,budget_exhausted,1.3043478260869565,5986.159148193896,runs/final_submission_20260708_131302/main_results/main/unit_square/sqstab_exact_grid/primal_dual_lines/greedy_partial_lp_bitset/certificates/best_iter002365_0dc2e999f70d.json,runs/final_submission_20260708_131302/main_results/main/unit_square/sqstab_exact_grid/primal_dual_lines/greedy_partial_lp_bitset/renderings/best_iter002365_0dc2e999f70d.svg,0dc2e999f70d139d7a9f73efc97faddf4adcdbe18ffe88a0a9706068516dc225,7315,0,0,7950,71670,873,13968,9118,7,16,primal_dual_lines,5,runs/final_submission_20260708_131302/main_results/main/unit_square/sqstab_exact_grid/primal_dual_lines/greedy_partial_lp_bitset/events.jsonl,runs/final_submission_20260708_131302/main_results/main/unit_square/sqstab_exact_grid/primal_dual_lines/greedy_partial_lp_bitset/checkpoint.json,1,False,21605.692554488778,0,runs/final_submission_20260708_131302/main_results/main/unit_square/sqstab_exact_grid/primal_dual_lines/greedy_partial_lp_bitset/summary.json
unit_square/sqstab_exact_grid/primal_dual_lines/incidence_statistics/budget21600/git8dd31ca1c888,main,unit_square,sqstab_exact_grid,primal_dual_lines,incidence_statistics,patternboost,8218483242847429961,21600,100000,7017,budget_exhausted,1.3157894736842106,2509.4007128998637,runs/final_submission_20260708_131302/main_results/main/unit_square/sqstab_exact_grid/primal_dual_lines/incidence_statistics/certificates/best_iter001365_658e0989a589.json,runs/final_submission_20260708_131302/main_results/main/unit_square/sqstab_exact_grid/primal_dual_lines/incidence_statistics/renderings/best_iter001365_658e0989a589.svg,658e0989a5898025c0246beb568e060d1f7d02e27e49d6dda72e78c9a370ec53,8415,0,0,9638,70631,1002,16032,12120,7,16,primal_dual_lines,7,runs/final_submission_20260708_131302/main_results/main/unit_square/sqstab_exact_grid/primal_dual_lines/incidence_statistics/events.jsonl,runs/final_submission_20260708_131302/main_results/main/unit_square/sqstab_exact_grid/primal_dual_lines/incidence_statistics/checkpoint.json,1,False,21604.937792383134,0,runs/final_submission_20260708_131302/main_results/main/unit_square/sqstab_exact_grid/primal_dual_lines/incidence_statistics/summary.json
unit_square/sqstab_exact_grid/sqstab_local_hillclimb/exact_stab_gap_pressure/budget21600/git8dd31ca1c888,main,unit_square,sqstab_exact_grid,sqstab_local_hillclimb,exact_stab_gap_pressure,patternboost,7963049302696817276,21600,100000,6590,budget_exhausted,1.4999999999999998,16848.71019126475,runs/final_submission_20260708_131302/main_results/main/unit_square/sqstab_exact_grid/sqstab_local_hillclimb/exact_stab_gap_pressure/certificates/best_iter005505_55cdf9a8c18c.json,runs/final_submission_20260708_131302/main_results/main/unit_square/sqstab_exact_grid/sqstab_local_hillclimb/exact_stab_gap_pressure/renderings/best_iter005505_55cdf9a8c18c.svg,55cdf9a8c18c838da9ce5d0b588ee57741c43497f2a721ee6d3ffadcb7c8c05a,7897,0,0,6460,71967,941,15056,6861,7,16,sqstab_local_hillclimb,12,runs/final_submission_20260708_131302/main_results/main/unit_square/sqstab_exact_grid/sqstab_local_hillclimb/exact_stab_gap_pressure/events.jsonl,runs/final_submission_20260708_131302/main_results/main/unit_square/sqstab_exact_grid/sqstab_local_hillclimb/exact_stab_gap_pressure/checkpoint.json,1,False,21604.86357729882,0,runs/final_submission_20260708_131302/main_results/main/unit_square/sqstab_exact_grid/sqstab_local_hillclimb/exact_stab_gap_pressure/summary.json
unit_square/sqstab_exact_grid/sqstab_local_hillclimb/greedy_partial_lp_bitset/budget21600/git8dd31ca1c888,main,unit_square,sqstab_exact_grid,sqstab_local_hillclimb,greedy_partial_lp_bitset,patternboost,6615895274562095237,21600,100000,6385,budget_exhausted,1.3333333333333333,5548.1340055167675,runs/final_submission_20260708_131302/main_results/main/unit_square/sqstab_exact_grid/sqstab_local_hillclimb/greedy_partial_lp_bitset/certificates/best_iter002240_33fc1a034a18.json,runs/final_submission_20260708_131302/main_results/main/unit_square/sqstab_exact_grid/sqstab_local_hillclimb/greedy_partial_lp_bitset/renderings/best_iter002240_33fc1a034a18.svg,33fc1a034a1828e886a5b7141c7d64246bb7c4ab60d484fd80cf2f2c513a4ef7,7625,0,0,7995,75819,911,14576,9470,7,16,sqstab_local_hillclimb,4,runs/final_submission_20260708_131302/main_results/main/unit_square/sqstab_exact_grid/sqstab_local_hillclimb/greedy_partial_lp_bitset/events.jsonl,runs/final_submission_20260708_131302/main_results/main/unit_square/sqstab_exact_grid/sqstab_local_hillclimb/greedy_partial_lp_bitset/checkpoint.json,1,False,21611.150701865554,0,runs/final_submission_20260708_131302/main_results/main/unit_square/sqstab_exact_grid/sqstab_local_hillclimb/greedy_partial_lp_bitset/summary.json
unit_square/sqstab_exact_grid/sqstab_local_hillclimb/incidence_statistics/budget21600/git8dd31ca1c888,main,unit_square,sqstab_exact_grid,sqstab_local_hillclimb,incidence_statistics,patternboost,1586416404065008170,21600,100000,6965,budget_exhausted,1.3157894736842106,9967.629212900996,runs/final_submission_20260708_131302/main_results/main/unit_square/sqstab_exact_grid/sqstab_local_hillclimb/incidence_statistics/certificates/best_iter004010_c38fc7c879ba.json,runs/final_submission_20260708_131302/main_results/main/unit_square/sqstab_exact_grid/sqstab_local_hillclimb/incidence_statistics/renderings/best_iter004010_c38fc7c879ba.svg,c38fc7c879bab81ed9523ba10fe09dc06c2f300e676f39ad7c87a11d16ee3197,8354,0,0,8490,69718,994,15904,10535,7,16,sqstab_local_hillclimb,6,runs/final_submission_20260708_131302/main_results/main/unit_square/sqstab_exact_grid/sqstab_local_hillclimb/incidence_statistics/events.jsonl,runs/final_submission_20260708_131302/main_results/main/unit_square/sqstab_exact_grid/sqstab_local_hillclimb/incidence_statistics/checkpoint.json,1,False,21603.79179596156,0,runs/final_submission_20260708_131302/main_results/main/unit_square/sqstab_exact_grid/sqstab_local_hillclimb/incidence_statistics/summary.json
unit_square/square_direct/coord_mutation/exact_stab_gap_pressure/budget21600/git8dd31ca1c888,main,unit_square,square_direct,coord_mutation,exact_stab_gap_pressure,patternboost,4382689027173753261,21600,100000,6760,budget_exhausted,1.5000000000000004,440.8499282374978,runs/final_submission_20260708_131302/main_results/main/unit_square/square_direct/coord_mutation/exact_stab_gap_pressure/certificates/best_iter000335_07df85434269.json,runs/final_submission_20260708_131302/main_results/main/unit_square/square_direct/coord_mutation/exact_stab_gap_pressure/renderings/best_iter000335_07df85434269.svg,07df854342692ee46a97ed0acc97cb0603485435b523b3845c66640856654276,8110,0,0,8377,52791,965,15440,4282,7,16,coord_mutation,13,runs/final_submission_20260708_131302/main_results/main/unit_square/square_direct/coord_mutation/exact_stab_gap_pressure/events.jsonl,runs/final_submission_20260708_131302/main_results/main/unit_square/square_direct/coord_mutation/exact_stab_gap_pressure/checkpoint.json,1,False,21603.66427270323,0,runs/final_submission_20260708_131302/main_results/main/unit_square/square_direct/coord_mutation/exact_stab_gap_pressure/summary.json
unit_square/square_direct/coord_mutation/greedy_partial_lp_bitset/budget21600/git8dd31ca1c888,main,unit_square,square_direct,coord_mutation,greedy_partial_lp_bitset,patternboost,4709287193779634617,21600,100000,6628,budget_exhausted,1.2307692307692308,395.1997937038541,runs/final_submission_20260708_131302/main_results/main/unit_square/square_direct/coord_mutation/greedy_partial_lp_bitset/certificates/best_iter000330_911a0344f7b1.json,runs/final_submission_20260708_131302/main_results/main/unit_square/square_direct/coord_mutation/greedy_partial_lp_bitset/renderings/best_iter000330_911a0344f7b1.svg,911a0344f7b1936ea0a096f827951a2cc82f19872ffbb6ac054065bc2115834d,7954,0,0,8037,54673,945,15120,8915,7,16,coord_mutation,5,runs/final_submission_20260708_131302/main_results/main/unit_square/square_direct/coord_mutation/greedy_partial_lp_bitset/events.jsonl,runs/final_submission_20260708_131302/main_results/main/unit_square/square_direct/coord_mutation/greedy_partial_lp_bitset/checkpoint.json,1,False,21608.5571995005,0,runs/final_submission_20260708_131302/main_results/main/unit_square/square_direct/coord_mutation/greedy_partial_lp_bitset/summary.json
unit_square/square_direct/coord_mutation/incidence_statistics/budget21600/git8dd31ca1c888,main,unit_square,square_direct,coord_mutation,incidence_statistics,patternboost,4128954279840585763,21600,100000,7816,budget_exhausted,1.25,714.1221588253975,runs/final_submission_20260708_131302/main_results/main/unit_square/square_direct/coord_mutation/incidence_statistics/certificates/best_iter000695_f1407937ceea.json,runs/final_submission_20260708_131302/main_results/main/unit_square/square_direct/coord_mutation/incidence_statistics/renderings/best_iter000695_f1407937ceea.svg,f1407937ceea3402d86860e13c2cd5eb00be73ec71ae537a15c99e3003e27e8b,9384,0,0,9523,73986,1116,17856,16041,7,16,coord_mutation,4,runs/final_submission_20260708_131302/main_results/main/unit_square/square_direct/coord_mutation/incidence_statistics/events.jsonl,runs/final_submission_20260708_131302/main_results/main/unit_square/square_direct/coord_mutation/incidence_statistics/checkpoint.json,1,False,21605.850806362927,0,runs/final_submission_20260708_131302/main_results/main/unit_square/square_direct/coord_mutation/incidence_statistics/summary.json
unit_square/square_direct/primal_dual_lines/exact_stab_gap_pressure/budget21600/git8dd31ca1c888,main,unit_square,square_direct,primal_dual_lines,exact_stab_gap_pressure,patternboost,1130232349586007440,21600,100000,6853,budget_exhausted,1.5000000000000004,178.92458263784647,runs/final_submission_20260708_131302/main_results/main/unit_square/square_direct/primal_dual_lines/exact_stab_gap_pressure/certificates/best_iter000155_628d03ed3c9b.json,runs/final_submission_20260708_131302/main_results/main/unit_square/square_direct/primal_dual_lines/exact_stab_gap_pressure/renderings/best_iter000155_628d03ed3c9b.svg,628d03ed3c9bd48b4ebbf2cb5de33593bc2021f09e1e0559457bebd9c8d3530d,8221,0,0,8507,59659,978,15648,2232,7,16,primal_dual_lines,6,runs/final_submission_20260708_131302/main_results/main/unit_square/square_direct/primal_dual_lines/exact_stab_gap_pressure/events.jsonl,runs/final_submission_20260708_131302/main_results/main/unit_square/square_direct/primal_dual_lines/exact_stab_gap_pressure/checkpoint.json,1,False,21606.36433517188,0,runs/final_submission_20260708_131302/main_results/main/unit_square/square_direct/primal_dual_lines/exact_stab_gap_pressure/summary.json
unit_square/square_direct/primal_dual_lines/greedy_partial_lp_bitset/budget21600/git8dd31ca1c888,main,unit_square,square_direct,primal_dual_lines,greedy_partial_lp_bitset,patternboost,4251577377426450327,21600,100000,6580,budget_exhausted,1.25,16114.860286168754,runs/final_submission_20260708_131302/main_results/main/unit_square/square_direct/primal_dual_lines/greedy_partial_lp_bitset/certificates/best_iter005475_f2f0a1871a18.json,runs/final_submission_20260708_131302/main_results/main/unit_square/square_direct/primal_dual_lines/greedy_partial_lp_bitset/renderings/best_iter005475_f2f0a1871a18.svg,f2f0a1871a185e3d67d625d68e568d4173c25934cc0ce2aaac4574042974b2df,7896,0,0,8326,62133,939,15024,5124,7,16,primal_dual_lines,8,runs/final_submission_20260708_131302/main_results/main/unit_square/square_direct/primal_dual_lines/greedy_partial_lp_bitset/events.jsonl,runs/final_submission_20260708_131302/main_results/main/unit_square/square_direct/primal_dual_lines/greedy_partial_lp_bitset/checkpoint.json,1,False,21607.094887673855,0,runs/final_submission_20260708_131302/main_results/main/unit_square/square_direct/primal_dual_lines/greedy_partial_lp_bitset/summary.json
unit_square/square_direct/primal_dual_lines/incidence_statistics/budget21600/git8dd31ca1c888,main,unit_square,square_direct,primal_dual_lines,incidence_statistics,patternboost,7660077952738545551,21600,100000,7883,budget_exhausted,1.25,2914.004390619695,runs/final_submission_20260708_131302/main_results/main/unit_square/square_direct/primal_dual_lines/incidence_statistics/certificates/best_iter002015_a9cd00f75bce.json,runs/final_submission_20260708_131302/main_results/main/unit_square/square_direct/primal_dual_lines/incidence_statistics/renderings/best_iter002015_a9cd00f75bce.svg,a9cd00f75bcee489b36830624d3889389eee1c130ba66b44532578d42606b521,9450,0,0,7577,80969,1126,18016,17110,7,16,primal_dual_lines,6,runs/final_submission_20260708_131302/main_results/main/unit_square/square_direct/primal_dual_lines/incidence_statistics/events.jsonl,runs/final_submission_20260708_131302/main_results/main/unit_square/square_direct/primal_dual_lines/incidence_statistics/checkpoint.json,1,False,21606.727513618767,0,runs/final_submission_20260708_131302/main_results/main/unit_square/square_direct/primal_dual_lines/incidence_statistics/summary.json
unit_square/square_direct/sqstab_local_hillclimb/exact_stab_gap_pressure/budget21600/git8dd31ca1c888,main,unit_square,square_direct,sqstab_local_hillclimb,exact_stab_gap_pressure,patternboost,7789386252322269469,21600,100000,6959,budget_exhausted,1.5000000000000004,169.444258376956,runs/final_submission_20260708_131302/main_results/main/unit_square/square_direct/sqstab_local_hillclimb/exact_stab_gap_pressure/certificates/best_iter000125_57518dac9c8d.json,runs/final_submission_20260708_131302/main_results/main/unit_square/square_direct/sqstab_local_hillclimb/exact_stab_gap_pressure/renderings/best_iter000125_57518dac9c8d.svg,57518dac9c8d29395a6c32d84aa302ebbca2146b8fe55305a8c8514d5cd63b36,8346,0,0,8432,69115,994,15904,2580,7,16,sqstab_local_hillclimb,6,runs/final_submission_20260708_131302/main_results/main/unit_square/square_direct/sqstab_local_hillclimb/exact_stab_gap_pressure/events.jsonl,runs/final_submission_20260708_131302/main_results/main/unit_square/square_direct/sqstab_local_hillclimb/exact_stab_gap_pressure/checkpoint.json,1,False,21607.81129927188,0,runs/final_submission_20260708_131302/main_results/main/unit_square/square_direct/sqstab_local_hillclimb/exact_stab_gap_pressure/summary.json
unit_square/square_direct/sqstab_local_hillclimb/greedy_partial_lp_bitset/budget21600/git8dd31ca1c888,main,unit_square,square_direct,sqstab_local_hillclimb,greedy_partial_lp_bitset,patternboost,7618574179289976961,21600,100000,6447,budget_exhausted,1.2962962962962965,17804.468818955123,runs/final_submission_20260708_131302/main_results/main/unit_square/square_direct/sqstab_local_hillclimb/greedy_partial_lp_bitset/certificates/best_iter005670_215a8ee8239e.json,runs/final_submission_20260708_131302/main_results/main/unit_square/square_direct/sqstab_local_hillclimb/greedy_partial_lp_bitset/renderings/best_iter005670_215a8ee8239e.svg,215a8ee8239eab02946d605d96a09847b472f516094c4d2a112664ba7677f3d1,7740,0,0,8213,54962,920,14720,5314,7,16,sqstab_local_hillclimb,4,runs/final_submission_20260708_131302/main_results/main/unit_square/square_direct/sqstab_local_hillclimb/greedy_partial_lp_bitset/events.jsonl,runs/final_submission_20260708_131302/main_results/main/unit_square/square_direct/sqstab_local_hillclimb/greedy_partial_lp_bitset/checkpoint.json,1,False,21606.38382574916,0,runs/final_submission_20260708_131302/main_results/main/unit_square/square_direct/sqstab_local_hillclimb/greedy_partial_lp_bitset/summary.json
unit_square/square_direct/sqstab_local_hillclimb/incidence_statistics/budget21600/git8dd31ca1c888,main,unit_square,square_direct,sqstab_local_hillclimb,incidence_statistics,patternboost,5298074471273818346,21600,100000,7064,budget_exhausted,1.3157894736842106,10150.78589527309,runs/final_submission_20260708_131302/main_results/main/unit_square/square_direct/sqstab_local_hillclimb/incidence_statistics/certificates/best_iter004280_4b6f5e8f3bb6.json,runs/final_submission_20260708_131302/main_results/main/unit_square/square_direct/sqstab_local_hillclimb/incidence_statistics/renderings/best_iter004280_4b6f5e8f3bb6.svg,4b6f5e8f3bb698a838c677e583aff3172802261ae6e277a069b9f67cde15d2ff,8475,0,0,9504,57879,1009,16144,10391,7,16,sqstab_local_hillclimb,3,runs/final_submission_20260708_131302/main_results/main/unit_square/square_direct/sqstab_local_hillclimb/incidence_statistics/events.jsonl,runs/final_submission_20260708_131302/main_results/main/unit_square/square_direct/sqstab_local_hillclimb/incidence_statistics/checkpoint.json,1,False,21612.146560303867,0,runs/final_submission_20260708_131302/main_results/main/unit_square/square_direct/sqstab_local_hillclimb/incidence_statistics/summary.json
